9782841139149
9782075189873
9782211204132
9791023521689
9782877675260
9782330165895
9782075135658
9782877679190
9782756005348
9782756011189
9791036356872
9782897148423
9789055795789
9782013906357
9782278131068
9782385701253
9782371000568
9782877675406
9782747052283
9782841565344
9782915517910
9791032713112
1721037706299
9780833523334
9782364811478
9791032718032
9791032713136
9782382018514
9791040804444
9782385314408
9782226327611
9782070575701
9791092109443
9782841139491
9782745923431
9782745927965
9782745909077
9782092572351
9782226397614
9782211081047
9780514473330
9782211312790
9782330108427
9782700259407
9782494362574
9782080249760
9782377422258
9782266126304
9782210978003
9782012007376
9782092822999
9782745914613
9782330156312
9782700273090
9782700280289
9782745906816
9782745933362
9782203118751
9782745909329
9782736647612
9791040807582
9782745903914
9782012011410
9780788363337
9782020300438
9791022610742
9782211072441
9782211308557
9782278120772
9782747036863
9782747033107
9782226394866
9782226403261
9782210977976
9791036345029
9782211219563
9782010009143
9782745936325
9782210977723
9782211062961
9782211314299
9782408008062
9791030801491
9782266086165
9782330130404
9782350878737
9782070538874
9782736647476
9782736647483
9782736647643
9782736647728
9782889085644
9782211226028
9782211076067
9782211313155
9782895123262
9782745932648
9782841139538
9782080233622
9782330180928
9782012003491
9782890516472
9782377420124
9782494730038
9782353660247
9782745906045
9782841811380
9782330192358
9782010016158
9782745905680
9782092823545
9782092501269
9782092825921
9782377420018
9782266089982
9782736646479
9782736646462
9782367408736
9782762578904
9782762584714
9782244458151
9791036373381
9782351783740
9782211076913
9782745904744
9782874262760
9782210977662
9782210977570
9782010009136
9782745906038
9782700227307
9782745908735
9782010009242
9782745906021
9782211084765
9782912084644
9782912084781
9782408050924
9782266086448
9782070333615
5782245129290
9782203129290
9782747018975
9782070552672
9782700230703
9782700226997
9782330132125
9782867267208
9782070535682
9782210977563
9782210977396
9782210977693
9782075213912
9782211085441
9782246452416
9782211074858
9782211319386
9782211231008
9782211067287
9782367346540
9791032102176
9782330202170
9782736647773
9782330196042
9782218030406
9782352840466
9782895122371
9782919934775
9782330211622
9782075228794
9782211066259
9782211042871
9782377422999
9782700223941
9782700227710
9782700226935
9782841139873
9782745906823
9782092823637
9782010009204
9782210974722
9782915732214
9782700286434
9782700229219
9782700229134
9782700229202
9782841139194
9782745900326
9782092501276
9782841563890
9782081242005
9782211081184
9782210980952
9782070334353
9782070576128
9782266100380
9782081308138
9782868939104
9782352840435
9782211048996
9782700228113
9782700225938
9782700223712
9782748502152
9782070513300
9782742740007
9782744168726
9782081620286
9782081620146
9782203130474
9782092112201
9782748503856
9782745913697
9782745916408
9782081643017
9782244458180
9782211056144
9782845261365
9782350243177
9782215053240
9782215051396
9782919934768
9782700229169
9782744166545
3633911652241
9782211059350
9782211063104
9782253010043
9782092513910
9791036310041
9782070389353
9782070360109
9782211059633
9782211237031
9782907202640
9782379320514
9782072850158
9782877675468
9782884807531
9782246820475
9782072833403
9782070403875
9782070138401
9782211230728
9782370833648
3760156483375
9782879014913
9782361935306
9782884450621
9782817705552
9782908209907
9782253063339
9782253141433
9782408005849
9782378880064
9782383220558
9782755668315
9782227729155
9782754001854
9782211316095
9791035204891
9782879015156
9782246828860
9791037502100
9782841812141
9782844923462
9782203120105
9782266211222
9782246859734
9782745930491
9782908209563
9782110807489
9782871422457
9782368360811
9782013959032
9782234077317
9782213611037
9782954861104
5060690790969
9782370553331
9782909339993
9782845032194
3512391402334
9782070771547
9791038702974
9782070351855
9791036320101
9791036303593
9782720215544
3700664527345
9782745903754
9782356391193
9782070513888
9782072727528
9782915569575
5060264373628
9782700019872
9782324026140
9782226318633
9782877069663
9782227729254
9782360621552
9782378012656
9782211322478
5390102520984
9782808210010
9782732490649
9782849104323
9782226394224
9782211306843
9782070556632
9782072915819
9782226315243
9782226328434
9782259307901
9782211057714
9782211324144
9782211042116
9782752915016
9782749960562
9782080456472
9782246840336
9782221282397
9782365699143
9782818059562
9782702188972
9782211200912
9782221274033
9782410022544
9782916357522
9782910197339
9782213704777
9782080247636
9782603025536
9791030104127
9782848331980
9782737378690
9782828918224
9782749174631
9782848331713
9782378562335
9782749179308
9782410024258
9791032930465
9791027105601
9782849102862
9782857257509
9782081333611
9782745901156
9782344062432
9782744174490
9782376710226
9782080498625
9782246830436
9782072915758
9782812317224
9782035958440
9782740425107
9782844924810
9782259203883
9782211080606
9782211332354
9782324035074
9782848680842
9782075164771
9783836504652
9782378882228
9782877674638
9782226437853
9782070135431
9782330194208
9782723483063
9782841387069
9782215177111
9782013219853
9782382843345
9782382840849
9782849904770
9782382843390
9782070767847
9782761938839
9782761941488
9782732487410
9782844925152
9782844927002
9782355849916
9782844929266
9782749156385
9782382992272
9782413086130
3701432034942
9782844926234
9782877678414
9782840114963
9782381402239
9782350877204
9782744406355
9782744406508
9782353030880
9782355846090
9782840572886
9782368561485
9782226484345
9782070412884
9782035931030
9782226393272
9782221276266
3545020086759
9782493213310
9782493213716
9782745905192
9782746707160
9782745901767
9782746706569
9782746755802
9782709676267
9782709674492
9782749158570
9782848864112
9782494289802
9782848051185
9782714478054
9782226244321
3421271400226
9782700023855
9782072695155
9782366370539
9782385294830
9782234097797
9782073049995
9782889730063
9782205088168
9782357205963
9782377317059
9782368464717
9782203093478
9782203161962
9791028504588
9782017051411
9782226324177
9782377310463
9782081488359
9782745902306
9782013237635
9782226324504
9781474934107
9782873911720
9782081473317
9782378802400
9782370833884
9782844926869
9782370831101
9782848688114
9782370835048
9782070143207
9782379320811
9782898021121
9782732428215
9782234097650
9782210741713
9782364742154
9782211072991
9782226443892
9782072776793
9782226393111
9782843048708
9782226437341
9782258134997
9782072790522
9782253107873
9782021363326
9782743637552
9782702154434
9782246777014
9782260022008
9782246801139
9782260021148
9782365690300
9782260018223
9782259203449
9782867464676
9782203192553
9782386010880
9782072854378
9791034900749
9782234087385
9782081500389
9782818047811
9782072843082
9782226443861
9782258135147
9782260053309
9782843048050
9782258153455
9782707344755
9782709660686
9782021223392
9782258097063
9782710366997
9782070129256
9782879296463
9782072835865
9782863744758
9782843048067
9782021333756
9782081375994
9782710377634
9782818040379
9782226328779
9782844927965
9782070146574
9782848051178
9782234077294
9782081294455
9782843376825
9782709642835
9782226141620
9782234054035
9791095438014
9782211301510
9782754803823
9782081471757
9782213711515
9782246817116
9782707345318
9782365693530
9782378800222
9782070197002
9782072765629
9782259243230
9782351786598
9782234077430
9782710370727
9782070779222
9782709630405
9782867464331
9782714444684
9782742758982
9782072729331
9782702164327
9782246821236
9782246812395
9782021362695
9782253045663
9782848053141
9782749157962
9782378800765
9782221157879
9782283031506
9782260053255
9782081422032
9782081413030
9782246813842
9782021362152
9782919547500
9782350134239
9782266230919
9782843376603
9782081252233
9782246813781
9782234084407
9782072791628
9782709650557
9782081445925
9782226443885
9782818045381
9782021399479
9782072831508
9782709661799
9782842639464
9782234085954
9782021399431
9782818041789
9782363390639
9782365690874
9782226220691
9782714456984
9782246776512
9782709629393
9782715228375
9782879295992
9782070762651
9782868690487
9782020258340
9782709650458
9782330032517
9782747033954
9782227739109
9782226444288
9782073114273
9782226502797
9782278091720
9782266289115
9782266278751
9782700259162
9782012033092
9782017038115
9782234095991
9782817710389
9782092575727
9782246818403
9782848053158
9782843049316
9782263159763
9782370552129
9782072743139
9782246816065
9782260052845
9782021402438
9782203164291
9782246818168
9782072753800
9782818045909
9791034900077
9782234081710
9782848052144
9782811219673
9791027801695
9782742711291
9782246813286
9782081457966
9782072830723
9782259278799
9782365694209
9782234085831
9782081469778
9782823610376
9782710387787
9782246784029
9782350874425
9782709661836
9782823613599
9782811218911
9782021119381
9782259322638
9782813236364
9782823624007
9782749963365
9782080143747
9782749180366
9782268112169
9782377354368
9782213726533
9782738120878
9782748524925
9782080232878
9782378881986
9782357207103
9782911013690
9782215094203
9782075148573
9782818061985
9782351811696
9782299000978
9782080477989
9782845264908
9782215145950
9791036314339
9782749942285
9782072786303
9782384820429
9782330209254
9782702166260
9782709674959
9782702184011
9791033912170
9782709669887
9782215165866
9782211069168
9782845265400
9782408048945
9791036328862
9782877679763
9782226470454
9782745955661
9782215158059
9782092103548
9782355047015
9782745953551
9782749934785
9791092400168
9782080459411
9782370834409
9782488201704
9782073112651
9782745995278
9791037513014
9782013907736
9782352895213
9782488201650
9782362661068
9782368292495
9782080414137
9791040111030
9782732495699
9782211307055
9782493184986
9782815313186
9782226118448
9782815316132
9782234065154
9782200571627
9782702191316
9782709674249
9782234075368
9782809850574
9782226491251
9782226328731
9782915586992
9782820703828
9782374481982
9782383231691
9782021563313
9782226470218
9782234096714
9782298039283
9782330196790
9782848761800
9782260054641
9782070373734
9782080288448
9782845636514
9782070555000
9782745912381
9782070566846
9782745912374
9782070564965
9782070583409
9782370832399
9782368127285
9782013906227
9782013906203
9782841563951
9782020860925
9782234078154
9782070736058
5390102521004
9782013906210
9782020951869
9782226312785
9782013906197
9782738119032
9782226318299
9782021072846
5060146467308
9782749163826
9782877677028
9782226436030
9782259265294
9782072758621
9782205203226
9782092594667
9782344055359
9782702182932
9781803709673
9782917289471
9782215105480
9782378762049
9782863745212
9782021319002
9782910846794
9782824640105
9782743654931
9791033903628
9782714443861
9782385770433
9782385770914
9782092594643
9782330215453
9782383224594
9782075171038
9782070428182
9782070373635
9782080688170
9782070360833
9782070364282
9782070368037
9782070363612
9782070458059
9782072729997
9782756404301
9782070366194
9782070362844
9782070381654
9782070361045
9782070368167
9782070318551
9782070366729
9782070305278
9782213020327
9782072993046
9782070307777
9782213595672
9782070374670
9782070364930
9782070368822
9782070387380
9782226240279
9782070403509
9782070412082
9782070361199
9782070381753
9782266122351
9782070361038
9782266000741
9782070424689
9782070416806
9782070381302
9782070373093
9782070387267
9782070369218
9782070389278
9782070389445
9782266049603
9782070374557
9782070370603
9782070401017
9782070360925
9782226220745
9782072729980
9782226241481
9782740416532
9782266195584
9782756405483
9782070382521
9782213016399
9782226242914
9782070380701
9782226208569
9782070360901
9782070382118
9782070368068
9782070369386
9782070411801
9782740406861
9782266112703
9782266149846
9782070368341
9782070409143
9782070366408
9782857049722
9782070366460
9782081208049
9782266000758
9782070378401
9782070388899
9782740407783
9782070401185
9782070367016
9782070364763
9782756404165
9782070368778
9782226509703
9782070412433
9782070374243
9782211064477
9782742747399
9782211211147
9782020965910
9782211070348
9782070364671
9782211320993
9782072729935
9782211212113
9782742726530
9782211315395
9782211082556
9782714443182
9782709634588
9782809801439
9782070368785
9782021053524
9782211302463
9782070369652
9782809812572
9782211318631
9782709622622
9782211219983
9782070427529
9782226461100
9782742738199
9782070374632
9782211316842
9782211086684
9782020513937
9782742751518
9782070364855
9782070371495
9782070367986
9782211087810
9782070338429
9782211029896
9782709811415
9782211309899
9782211315227
9782211220750
9782211239059
9782211094207
9782070408481
9782070315932
9782070366026
9782020221597
9782070374519
9782211069823
9782226471208
9782070372935
9782211223317
9782070361519
9782742726219
9782211317375
9782070376841
9782020478304
9782070370856
9782070377503
9782070360796
9782070384549
9782809803068
9782070336838
9782070372379
9782021026511
9782020339971
9782072860928
9782070367825
9782714474254
9782211060882
9782020978651
9782211205276
9782211222785
9782211015776
9782211072755
9782211320610
9782020945110
9782070366071
9782070374809
9782841875733
9782070376926
9782070362400
9782211229371
9782709620161
9782211301695
9782021114416
9782211223270
9782070370757
9782841877249
9782070404605
9782211236379
9782211081191
9782207253311
9782211067560
9782211052870
9782211064668
9782070387243
9782070402670
9782070401871
9782070314799
9782211055482
9782020509107
9782070388868
9782070306817
9782070368051
9782021033489
9782020309318
9782211061698
9782020371308
9782070367597
9782021045604
9782211050890
9782264001405
9782211307574
9782211214193
9782070368075
9782742701346
9782211081382
9782070413720
9782070394333
9782070363735
9782211018982
9782211301794
9782070378111
9782211315340
9782070360284
9782070364091
9782211073233
9782070401789
9782211018197
9782211060714
9782070365333
9782264037176
9782226393180
9782702449578
9782226252005
9782709617956
9782702449394
9782070401666
9782070387045
9782070370412
9782211302852
9782211227063
9782070403271
9782211079884
9782211017091
9782211321273
9782226468826
9782714495488
9782809800555
9782211230988
9782211334341
9782070383641
9782070382149
9782211317979
9782211016599
9782211071598
9782070384082
9782211069427
9782070378227
9782211307758
9782211305471
9782211022446
9782211058414
9782211227209
9782211236935
9782702449233
9782070361625
9782211321082
9782211333979
9782070370337
9782211026789
9782264035158
9782211095730
9782080267689
9782234086180
9782874266782
9782889574704
9791028124281
9782211319775
9782244425832
9782081446663
9782211087643
9782889440313
9782408031572
9782265156852
9782246755715
9782072945946
9782845635999
9791021048683
9782221264478
9782207181324
9782841135011
9782211341868
9782211315500
9782211089357
9782211307352
9782211324205
9782211303828
9782211336482
9782203255784
9782211302432
9782075174992
9782211234498
9782211213677
9782211305594
9782831101156
9782211317962
9782075160896
9782211337557
9782211305242
9782211300964
9782211213943
9782203091047
9782211079723
9782211211253
9782211337519
9782211315739
9782211308397
9782211301275
9791039531924
9782211209953
9782075175029
9782211311090
9782211227117
9782211318044
9791039523165
9791040807742
9782211338233
9782203295681
9782211307611
9782211334334
9791040807209
9782211215688
9782211322454
9782073101556
9782246711711
9782212567434
9782262109851
9782212572384
9782715264953
9782221252062
9782081431713
9782234093836
9782298118889
9782075169776
9782490155255
9782211230537
9782226452436
9782709639460
9782701159782
9791090398924
9782368087725
9782036019539
9782215060802
9782368087664
9782501150156
9782226490162
9782246820413
9782889442966
9782246836261
9782073072764
9782070769032
9782080419033
9782889730124
9782330009199
9782092580134
9782358322522
9782226318091
9782021455885
9782075179140
9782092580226
9782714495846
9782246813880
9782070781225
9782408005696
9782246816003
9782226479921
9782350872155
9782374081335
9782075159692
9782709675734
9782072840432
9782081478961
9782709674454
9791096906437
9782378880637
9782211203562
9782213721576
9782278125487
9782809850864
9782213727837
9782809850888
9782378882273
9782330066413
9782226473387
9782807372030
9782879390529
9782352895824
9782702927236
3770002282106
9782330167783
9782923841700
9782702166314
9791036364624
9782260024224
9782246822004
9782413084587
9782253107910
9782234074750
9782383110354
9782213727714
9782365592871
9782234094673
9782265098367
9782260017707
9782361660321
9782221113127
9782844928153
9782226194022
9782258117631
9782378805074
9782707301482
9782246816874
9782021549621
9782080509956
9782702183670
9782226443878
9782226392015
9782749939469
9782262075729
9782012202788
9782374486864
9782823621662
9782840118213
9782258147799
9782847209211
9782352902669
9782490975976
9782211203258
9782369021780
9782366248197
9782369120513
9782508000270
9782749947204
9782355582202
9782370733061
9782070118328
9782226475022
9782378803513
9782226448866
9782226455130
9782374484525
9782702187463
9782381224862
9791027107612
9791026405016
9782258191792
9782226110275
9782863744499
9782259248433
9782265157811
9782492768415
9782877679770
9782378880453
9791023517521
9782383231738
9782492533037
9782075160810
9782246841807
9782226392084
9791092457162
9782370553447
9782890697430
9782203152328
9782203152359
9782246812616
9782226439857
9782378800239
9782072688201
9782218754661
9782226459763
9782361284282
9782383222194
9782226403148
9782221278673
9782812626364
9782749960074
9782374484815
9782874265051
9782221238974
9782370550446
9782330131166
9782075142915
9782226472724
9782368087732
9782732497716
9782709665339
9782226400307
9782379320996
9782707347626
9782226455673
9782081363151
9782930941639
9782707329226
9782330171780
9782011356796
9782226451781
9782267015553
9782702167595
9782246843573
9782211062657
9782745928009
8717418604745
9782492768224
9782889860357
9782266315159
9782494591066
9782733869925
9782702140796
9782370832818
9782215174875
9782408005825
9782266289658
9782092492383
9782075090254
9782070368464
9782381226262
9782847203523
9782226493835
9791036328831
9782368089965
9782383221432
9782072840487
9782492768453
9782344049648
9782267019797
9782260055372
9791028527150
9782246815228
9782804705701
9791032304716
9782709670852
9782330081904
9782080453686
9782490253623
9782490253159
9782383496557
9782075237819
9782700283655
9782371651494
9782372731720
9782070577026
9782700210927
9782070513215
9782070417742
9782021102208
9782070577040
9782070576975
9782227729278
9782884800471
9782226392053
9782844556462
9782355048111
9782700223590
9782226438393
9782226186683
9781805315216
9782215053026
9782226483553
9782840113584
9782246853855
9782846949576
9782221254790
9782374481906
9782075157728
9782211230483
9782075089555
9782070570454
9782070139149
9782702868584
9782889730155
9782844927781
9782370833235
9782379320439
9782372731591
9782844926302
9782413038184
9782702909683
9782081295940
9782370834164
9782702167304
9782702188897
9782021578430
7350002938294
9782213705552
9782844928191
3700664527444
9782017024842
9782378881733
9782368562192
9782211239356
9782072746314
9782070178940
9782072894848
9782072949838
9782070212033
9782072987830
9782070143221
9782072876073
9782072942426
9782072943546
9782072897795
9782070145645
9782072734007
9782072984051
9782070720262
9782073021816
9782072752353
9782072989780
9782072985232
9782070138388
9782073074263
9782073105158
9782070771011
9782072988882
9782072876653
9782070758692
9782073075833
9782266095785
9782072891120
9782070792368
9782070178230
9782073055170
9782073026064
9782073061485
9782070197200
9782072846670
9782072928864
9782073005618
9782072853951
9782072969676
9782072950377
9782073120038
9782266131278
9782073032119
9782072753855
9782072697104
9782072906435
9782073015549
9782070742233
9782072852206
9782072785269
9782073013101
9782072745218
9782073001214
9782070743179
9782072992551
9782072866531
9782070131495
9782072771798
9782072930539
9782070124664
9782072980084
9782073037428
9782073055125
9782072929861
9782266064903
9782073056818
9782266078054
9782072983276
9782072989681
9782072863158
9782072701078
9782072865329
9782070148851
9782072926525
9782742728763
9782072968853
9782072902994
9782072968754
9782072976209
9782070236473
9782072900426
9782073101174
9782266119689
9782073036742
9782742731671
9782072988325
9782072960680
9782073097750
9782073075932
9782070239078
9782072895098
9782072985393
9782070178513
9782072844997
9782073025210
9782070712007
9782072945892
9782072879333
9782073054609
9782073085467
9782072924217
9782070134793
9782072897894
9782072846526
9782072852152
9782073083999
9782070178360
9782070122158
9782072948619
9782073032065
9782266062312
9782072999598
9782266125154
9782075190473
9782207178058
9782375024638
9791028304621
9782416021435
9782357071964
9782889075751
9782813236111
9782749934914
3701432034515
9791032929414
9782809716481
9782226451057
9782080143761
9782221259320
9782844923189
9782749157382
9782745902276
9782227740044
9782226469922
9782702452561
9782072822322
9782745907134
9782702164938
9782355847868
9782745919274
9782211212281
9782818063330
9782501125833
9782072895296
9782072968143
9782073080448
9782266150149
9782070756117
9782072989735
9782073000354
9782073057679
9782072985041
9782072951930
9782073051516
9782072991158
9782073025708
9782073074317
9782072746468
9782073112712
9782072855559
9782073070296
9782072945328
9782073062802
9782073061539
9782070765386
9782072906756
9782073050045
9782266074612
9782073047298
9782072900891
9782073070241
9782073030054
9782072894992
9782072999772
9782073008909
9782072841941
9782070148325
9782070141876
9782070145683
9782072900945
9782073100467
9782073064950
9782073006943
9782070212002
9782072996689
9782070197552
9782072939525
9782073036575
9782072887109
9782072945373
9782070149919
9782072846571
9782070744121
9782072938672
9782073035202
9782073048424
9782072878299
9782073026118
9782072987786
9782073076502
9782072920417
9782073032362
9782070126699
9782072953767
9782073035509
9782072990250
9782072885693
9782073058072
9782070149728
9782070128075
9782070735938
9782073032164
9782070721559
9782073024961
9782070143214
9782072846922
9782072872051
9782070116232
9782266129282
9782072788918
9782073028501
9782072948411
9782073004529
9782073056924
9782072888540
9782072983375
9782072958168
9782070744398
9782073025654
9782073005878
9782073038685
9782073048981
9782072988165
9782073113207
9782073025814
9782073038890
9782073101327
9782073040992
9782072847257
9782070178292
9782080286192
9782344057643
9782742739356
9782221282465
9782840575375
9782745907110
9782408014643
9791023001341
9791037019844
9782226487162
9791037510143
9782368121870
9782080292254
9782742718474
9782742740949
9782021601275
9782742736003
9782742728473
9782020128858
9782221282939
9782742754625
9782020375061
9782020857000
9782732437620
9782092791585
9782366370225
9791033907640
9782226467690
9782715253292
9782075170024
9791032930168
9782824626321
9782080411808
9782408015787
9782352895756
9782246830535
9782075158794
9782412016060
9782283041604
9782260029397
9782226155214
9782374083636
9782221250389
9782211305785
9782100806003
9782278097968
9782361284190
9791026403814
9782021554458
9782226502810
9782368086155
9782702165607
9782080428431
9782375610572
9782258080911
9782379323232
9782092103579
9782226503442
9782205072693
9782749960739
9782221196342
9782330186159
9782702184233
9782368129579
9782370733481
9782368128121
9791034907403
9782226488367
9782494591370
9782203185678
9782352890751
9782226133939
9782846949613
9782075213172
9782368129517
9782416012518
9782226153975
9782226441010
9782226449214
9782226451002
9782358322751
9782036021587
9782745924834
9791026907015
9782491290511
9782100784578
9791092111033
9791092111163
9782863749081
9782211211871
9782877678896
8437020062220
9782702183540
9782036078727
9791023513080
9782364740501
9782203221932
9782211302227
9791036337635
9782732490564
9782211317542
9782733896006
9782278128570
9782912998156
9782874264238
9782412022351
9782490746262
9782324030161
9782352414421
9782330173449
9782877679473
9782020527941
9782211234702
9782070647767
9782278056903
9782203237087
9782075176491
9782352046790
9782226478108
9782355581397
9782807702646
9782075151238
9791028504250
9782226458674
9782081349278
9782747088695
9782080485366
9782375783405
9782094901845
9782010201691
9782358780391
9782021116199
9782226141392
9782211212434
9782882583963
9782211239134
9782211238014
9782226229885
9782877672634
9782211239806
9782080441423
9782211050494
9782211230131
9782211078528
9782211225892
9782733873007
9782211095846
9782914216982
9782211301688
9782910391942
9782226399137
9782021586633
9782381221960
9782080257550
9782280539203
9782081433656
9782715235410
9791035202286
9782330124274
9782807700277
9782754800105
9782211238458
9782211011617
9782745934116
9782211239400
9782877676106
9782841812394
5051889638698
9782754804325
9782211220118
9783314219375
9782742781997
9782749306346
9782369813828
9782369812289
9782324020674
9782877673457
9782366246315
9782013909884
9782211067461
9782215170990
9782358510394
9782211208369
9791090535060
3309450040909
9782841812264
9782075123761
9782746708051
9782211302838
9782841812448
9782070667222
9782371650404
9782877676687
9782700026771
9782362662768
9782017051312
9782374081571
9782877672443
9782369403586
9782021092776
9782877676939
9782377312320
9782812600210
9782745943125
9782745997586
9782841564422
9788832911411
9782913493889
9782910391850
9782368086858
9782035958815
9782211061568
9782751106194
9791023512816
9782020516426
9782081417021
9782330075163
9782211239295
9782917237892
9782081632998
9782234096851
9791092111415
9782035930842
9782803628117
9782203196773
9782840554615
9782369811428
9782211224291
9782361936334
9782092543030
9782211233972
9782494715172
9782878586015
9782878581669
9782211211826
9782211239288
9782352892625
9782358770101
9782211236706
9782211239196
9782355581113
9791034768974
9782211091305
9791026402497
9782330086862
9782211089340
9782226399601
9782877678681
9782278059676
9782211073271
9782211224789
9782211011204
9782914686495
9782226153999
9782848681498
9782385294861
9791038700642
9782226397492
9782352904571
9782350879338
9782211074810
9782930182902
9782930263281
9782714482013
9782246840350
9782374082615
9782259306997
9782226471567
9782904082399
9782370833679
9782344043530
9782246836520
9782370552822
9782260030485
9782738136053
9782879294674
9782080466396
9782246832881
9782213733715
3760156481654
9782915521658
9782221278390
9782081338913
9782278054510
9782278077823
9782021371505
9782081363205
9782211203890
9782882583284
9782919934584
9782013910224
9782211087452
9782020214780
9782352045151
9782246813309
9782070141647
9782246817536
9791023500608
9782278054381
9782842637767
9782858294251
9782226441973
9782378880507
9782709662482
9782824629117
9791032937068
9782818021187
9782205082494
9782844923127
9782817712161
9782377317929
9782205212204
9782877678032
9782385531195
9782355270055
9782367191058
9782383990758
9782278128297
9782844206237
9782211311908
9782745922724
9782350670010
9782364740778
9782211207263
9782205084764
9791038703933
9782709669450
9782080469304
9782246832454
9782258102699
9782488201308
9782754829212
9782213733920
9782070644308
9782211235860
9782877679589
9782874263439
9782234081833
9782352630173
9782386431340
9782354137335
9782745916464
9782742766871
9782385532031
9782383231097
5060188671503
8718591188251
9782226312440
9782226468376
9782365698436
9782381226477
9782709649339
9782226479242
9782021423310
9782956028017
9782262048464
9782234099913
9782846220095
9782911207341
9782862666501
9782082007443
9782952920278
9782738107961
9782360621897
9782742464234
9782365694193
9782226440938
9782021342826
9782755637120
9782749944159
9782918868064
9782265080720
9782702448779
9782258193109
9782265098930
9782298141375
9782357204621
9782221094716
9782226403193
9782744163678
9782081417717
9782298026252
9782355845253
9782702166246
9782702163252
9782226319470
9782913955103
9782213614021
9782298147629
9782355272356
9782298152753
9782749916231
9782265093768
9782809826050
9782702439043
9782355847578
9782956737605
9782226319487
9782258162839
9782207116043
9782253034896
9782246824435
9782020980517
9782709661454
9782221221426
9782863743591
9782226438409
9782702161562
9782226441423
9782702195291
9782352121916
9782355846298
9782253045618
9782355841668
9782743645953
9782253107941
9782298150568
9782714481962
9782404081090
9782702165584
9782226326089
9782702163009
9782298154214
9782265089068
9782355846045
9782265118027
9782234089983
9782412056066
9782412029091
9782412053232
9791032914557
9782848052267
9782841568840
9782213682068
9782355047879
9782844920072
9782378882389
9782732475936
9782013911320
9782330108380
9782075120326
9782377311880
9782877677240
9782877679718
9791023511451
9791026402039
9782278070800
9782211300872
9782013909068
9782012202832
9782020537964
9782226318459
9782278057115
9782746762794
9782330048518
9782373440751
9782812317279
9782749179926
9782080237415
9782203292871
9782260055433
9791030705614
9782378623166
9782487819696
9782810208166
9782841117208
9782755676730
9782749963518
9782702163627
9782416020230
9782226131058
9782413017509
9782081416925
9782844926951
5053083259525
9782355046025
9788832913897
3770000282313
9782351041789
9782072960635
9782732495811
9782226496317
9782713019067
9782917289204
9782912084255
9782709668521
9782845264977
9782911684050
9782203131415
9782709656641
9782709666152
9782021398243
9782709662529
9782384929429
9782080450548
9791030707571
9782246834311
9791040114697
9782742464708
9791036328954
9782344060049
9791040111221
9791032923344
9782487412194
9782889086023
9782355849909
9791023522617
9782081513853
9782843379550
9782371651166
9782732033938
9782385295011
9782711874095
9782807702516
9782371650473
9782075110167
9782702165645
9780806383330
9782848011172
9782840572763
9782211315630
9782211231831
9782490155965
9782246828846
9782072744303
9782702166208
9782075202558
9782732495705
9782808506335
9782493816214
9782267048919
9782379322006
9782747021203
9782368123317
9782368361702
9782709670081
9782226193544
9782381223971
9782416023118
5060540773173
5060540773104
9782915577488
9782264016126
9782844922755
9782265098800
9782260029885
4012927077627
9782410017700
9782075172431
9782244437422
9791026401704
9782036029941
9782036029958
9782357209329
9782383220503
9782877674324
9782874265631
9782494591417
9791026402718
9791026405283
9782874266904
9782073092373
9782889860487
9782246831839
9782748537116
9782745919731
9782211091657
9782226256195
9782253040491
9782081334816
9782070754939
9782211346573
9782262051600
9782702188637
9782073112866
9782021173703
9782381224251
9782487600171
9791040121671
9782021607680
9782226328830
9782709675642
9782211234764
9791097949020
9791070062760
9782386433337
9782378625573
9782246857334
9782081507135
9782244430072
9782072851506
9782350689760
9782361954048
9782246818182
9782258195301
9782385294854
9782367469553
9782355848858
9782283040881
9782226454072
9782070141128
9782072981401
9791097150938
9782226440723
9782070146413
9782226246820
9782080263179
9782213717074
9782072753329
9782749941639
9782368123218
9782246834793
9782081512443
9782234094116
9791035205614
9782364747210
9782375610176
9782081314214
9782246841906
9782221284117
9791033902652
9782330171841
9782265157156
9782246841425
9782072970238
9782072988783
9782351783856
9782266341004
9782215199908
9782702192825
9782702196113
9791023518573
9782073123329
9782715266803
9782876919570
9782226442109
9782378011918
9782226465740
9782408018016
9782355843204
9782369403517
9782080437655
9782845633704
9782702187579
9782262048730
9782253078685
9782070749218
9782253005278
9782253066866
9782253146728
9782010204357
9782253108528
9782253068198
9782262072506
9782253110941
9782253160823
9782253006626
9782020438421
9782262050290
9782253170563
9782253160687
9782221072080
9782253055396
9782013212328
9782221101193
9782021504538
9782253161196
9782253004219
9782221098943
9782070370016
9782253160595
9782253155744
9782253005575
9782253044901
9782253004752
9782253006879
9782253014386
9782253093008
9782253081098
9782253006244
9782253151500
9782262049546
9782253013297
9782253109082
9782757885680
9782757849842
9782226154309
9782253160694
9782253148845
9782221082362
9782707319333
9782253010807
9782092570593
9782246826941
9782211224086
9782246821496
9782246830276
9782246826019
9782246820390
9782092561690
9782246827184
9782911565564
9782246826774
9782246823216
9782246821731
9782246824237
9782246830689
9782709669962
9780385528047
9782823622010
9782361936570
9782021024197
9782258208100
9782259310994
9782265157446
9782365691253
9782021375374
9782374486840
9782848053851
9782752914477
9782378804695
9782081490338
9782714481177
9782378880743
9782253016724
9782013221818
9782253160977
9782253170914
9782253124801
9782253064459
9782253906605
9782253076674
9782253098386
9782253038115
9782253160786
9782253050698
9782253052357
9782262079918
9782253053545
9782253047032
9782253151517
9782010148132
9782253005230
9782757854198
9782253011712
9782253009160
9782253005599
9782253009665
9782253006862
9782253010258
9782253003489
9782253014997
9782253149187
9782253096313
9782253004363
9782253150862
9782708135550
9782253161059
9782253029465
9782253006756
9782253149316
9782253006220
9782253003670
9782253002925
9782253135760
9782253096320
9782253171485
9782253012344
9782253116592
9782253011842
9782253006305
9782020798907
9782253025481
9782221054000
9782221092460
9782253004790
9782221082355
9782021478761
9782253096405
9782253059530
9782221503225
9782262085865
9782757854167
9782021364507
9782021374964
9782012436220
9782211001991
9782226448095
9782072904141
9791023515473
9782203173071
9782374483214
9782818056660
9782221277362
9782355846403
9782809825602
9782709662390
9782265144200
9782379321504
9782226392091
9782709664103
9782383223795
9782877678605
9782226396617
9782505007302
9782818055960
9782073040817
9782226501943
9782226249722
4251809523573
9782226257017
9782749178370
9782745919694
9782362611230
9782745925527
9782075225588
9782350875316
9791032404720
9782259263757
9782847242485
9791094878163
9782940380152
9782818501436
5060236963901
9782226493101
9782384860135
9782350875460
9782355840135
9782702191293
9782211097314
9782344032138
9782298085020
9782268112756
9782246748212
9782263187940
9782383221487
9782377319367
9782924997130
9782709656108
9791040805816
9782211233231
9782379320590
9782283021934
9782413086147
9782350175836
9782412055939
9782283584989
9782376973119
9782368125588
9782356741066
9782862538990
9782843792649
9782490138982
9782840576396
9782211331432
9791023521566
9782840112969
9782714499141
9782843378300
3512394010017
9782754834674
9782258086449
9782080498144
9782840576112
9782709676458
9782385772253
9782226320032
9782415003968
9782738154118
9782258066946
9782070314768
9782226475602
9782226396419
9782260052951
9791032937419
9782714458841
9782824602165
9791037501219
9782226482730
9782353030774
3701432033440
9782844926982
9782807701670
9782846949460
9782877677899
9782258108073
9782226491657
9782843793127
9782844926272
9782370832900
9782490138906
9782844920881
9782383230434
9782700010411
9791095184935
9782246709015
9782075110808
9782877677417
9782070299737
9782879295138
9782365690669
9782260016410
9782080422095
9782080424105
9782813229380
9791036313875
9782226484864
9782383991731
9782368126158
3700664529431
9782874264979
9782205202786
9782384820740
9782352630180
9782017348122
9782244432168
9782375020845
9782080285935
9782021495393
9782350879581
9791037514462
9782386760662
9782880861711
9782200641528
9782080146601
9782382150412
9782070145355
9782234085732
9782702929568
9782370832566
9782021492934
9782226481900
9782081306639
0602445114047
9782702928332
9782822234061
9782370832856
9782386431302
9782080247377
9782385770570
9782268050836
9782377318001
9782035990624
9782754084727
9782848764221
9782226476364
9791095438427
9782412049693
9782813226167
9782212566147
9782081330542
9782818050170
9782361954215
9782761943888
9782370832924
9782262077235
9782848769639
9782226481474
9782234099371
9782370834492
9791032938829
9782749963037
9782368127216
9782381221373
9782080477729
9782080471024
9782265156081
9782374086095
9782745928825
9782266204989
9791036601903
9782369810889
9782234092525
9782408044916
9782381223643
9791032900185
9782809848410
9782080509727
9782374489322
9782749182919
9782381225586
9782226457806
9791093712338
9791023519075
9782738115706
9782258191778
9782385532963
9782356741684
9782017265504
9782811206949
9782260054672
9782379322839
9782379313103
9782745902917
9782755675979
5050582718287
9791032708149
9782846946247
9782733904343
9782732423098
9782370830241
9782416002557
9782330111328
9782709672764
9791032927823
9782745937568
9782226499370
9782070144136
9782035968531
9782408020460
9782295000149
9782080219886
3760156483788
5060528031943
9782378805555
9782259322713
9782228939843
9782488335201
9782344041963
9782365699600
9782382150931
9782350874197
9782810208555
9782253147855
9782844926333
9782211075848
9782211336772
9782260024217
9782278130924
9782879295695
9791023522556
9782709638333
9782221251218
9782752912923
9791032303375
9782843193101
9782846663106
9782840576891
9782378803063
9782374083124
9782755699821
9782374480343
9782379320392
9782732429700
9782366371154
9782370833242
9782843793073
0745110985198
5060264373161
9782382991879
9782203197022
9782370830753
9782603028285
9782100827558
9782492439018
9782745942081
9782213699073
9782848681306
9782490138180
9782211023412
9782211229104
9782846663748
9782221256770
9782416012853
9782215176299
9782378804046
9782808211659
9782844922502
9782412054154
9782211308335
9782081378766
9782379320293
9782840114031
9791036384417
9782383230410
9782889572656
9782295013996
3545020095874
9791035303259
9791023516364
9782743652036
9782408041182
9782702142783
9782364453197
9782809853490
9782073041135
9782844928955
9782843792205
9782370832689
9791032306048
9782844921475
9782844924865
9782379320323
9782226240064
9782720215704
9782355222146
9782207247617
9782080483577
9782889572489
9782889570478
9782408020507
9782019466558
9782211094788
9782075142786
9782075226240
9782070318995
9782070300662
9782070302833
9782070304370
9782070321742
9782070321902
9782070320530
9782070321612
9782070322251
9782070322107
9782070321520
9782070321896
9782070300112
9782070322930
9782378882235
9782330162498
9782756535746
9782408009281
9782221117569
9782709659307
9782924645444
9782889074112
9782211095372
9782211213875
9782808211406
9782344045787
9782368291993
9782745911889
9782915090208
9782378802424
9782095037758
9782848651019
9782745934024
9782492768521
9782278070381
9782912138750
9782207259511
9782207259566
9782846663144
9782207259559
9782844924162
9782844925329
9791026820031
9782824640099
9782246813385
9782362796401
9782809817058
9782226319166
9782246857136
9782952943444
9782330201692
9782330081775
9782742747955
9782382991329
9782358879996
9782330030230
9782702183649
9782080468055
9782385620141
9782070149933
9782213678023
9782260024187
9782370830838
9782262104962
9782370492227
9782227738072
9782227729322
9782227729247
9782747032988
9782227729018
9782227729933
9782747032971
9782227729063
9782747044912
9782130887362
9782226470287
9780545213332
9782700048674
9782211070683
9782817709253
9791034902002
9782382991886
9782205073843
5060264376841
3760156485249
9791028504526
9782846261692
9782367468211
9791037506948
9782359908824
9782260032335
9782070411245
9782070424153
9782877676052
3607483156186
9782246814832
9782745921185
9782081490864
9782246834359
9782344014288
9782234096097
9782355221743
9782745900333
9782226504685
9782080482280
9782415000721
9782842283124
9782809917888
9782385295158
9782246829317
9782818037270
9782211345507
9791035208790
9782021576535
9782732491745
9782080219947
9782368088807
9782380756593
9782211238007
9782211050456
9782877673860
5060314995770
9782211301268
9782211304436
9782378882686
9782081626744
9782378882129
9782714494610
9782729120511
9782368128053
9782702192955
9782365692915
9782021472783
9782823621327
9782823619553
9782080427663
9782234080935
9782412076712
9782330169961
9782070141531
9782268101200
9782752910516
9782283039717
9782211302111
9782350879574
5060968303112
9782226489579
9782020493901
9782080295842
9782381224718
9782714303592
9791023514438
5060690790655
9782365692861
9782226435002
9782220099392
9782742469789
9782246845324
9782415011499
9782374085814
9782416024047
9791028534066
9782226319517
9782385291747
9782200642037
9782081479722
9782412029985
9782846663953
9782840573395
9791034313914
9782490975792
9782840578031
9782302103030
9782080293787
9791023501070
9782702166215
3701432021690
9782075196086
9782226456540
9782374081137
9782070576449
9782234097247
9782877679275
9782035960399
9782213681245
9782213726823
9782211096997
9782878335354
9782211071284
9782075186957
9782226478702
9782211305198
9782809470703
9782707317216
9782368127124
9782211232340
9782019466435
9782493816986
9782744407055
9782259322751
9782383230694
9782368128206
9782226442994
9791039506113
9782370833808
9782067271135
9782840577157
9782840576709
9782846663267
9782383230106
9782211093477
9782070786541
9782081428225
9782080480101
9782100775859
9791037514233
9782714474056
9782916357508
9782075150552
9782075222532
9782344060315
9782021408096
9782844921093
9782844925848
9782379320552
9782840573616
9782843792939
9782809920239
9782266320726
9782080258892
9782258193451
9782844924001
9782383230083
9782383230519
9782846663625
9782351783221
9782226441621
9782226464675
9782846949743
9782370833631
9782226466471
9782263194092
9782081395688
9782070594511
9782081496071
9782372731072
9782378880590
9782203017825
9782221256091
9782745908223
9782246834854
9791040804710
9782234078208
9782953461800
9782749925165
9782221254400
9782075212939
9782266204385
9782258067363
9782258101890
9782258066236
9782266120036
9782258053311
9782258052390
9782266143912
9791023514728
9782246682219
9782491467302
9782810201839
9791092928648
9782226149428
9782912138880
9782378882327
9782709635790
9782882507488
9782226403124
9791095184911
9782749158495
9782075138192
9782844921055
9782700279719
9782843048692
9782369020578
9791032918876
9782330206420
9782818063231
9782011000880
9782211089333
9782035855725
9782070316267
9782851205971
9791033913054
9782070316236
9782070366361
9782212539448
9782070318285
9782954260419
9791035315566
9782754848091
9782246673811
9791023517842
9791023510997
9782810206018
9782731605556
9782080411389
9782366537598
9782877675963
9791095600022
9782810207015
9782843047565
9782344060025
9782344015827
9782873911737
9782877069687
9782130818083
9782490138647
9782211014038
9791026405115
9782221219058
9782378803476
9782246834731
9782232147128
9782738144423
9782234063242
9782221103937
9782368121467
9782203137455
9782246858850
9782719103203
9782840574279
9782353030118
9782840111689
9782844927132
9782760926097
9782501120302
9782816164107
9782368126127
9782021312546
9782283041062
9782840576990
9782840576860
9782840577171
9782211078924
9782383230663
9782370832726
9782370834058
9791028525651
9782840576716
9782381220598
9782213716732
9782382842096
9782382846827
9791028525798
9782298119299
9782841116232
9782877678827
9782381224190
9782070530885
9782070429417
9782719106136
9782012438484
9782749945545
9782380946550
9782265081215
9782265155237
9782265155558
9782361937904
9782011000842
9782368087497
9782080436788
9782080422361
9782070336241
9782010015595
9782070333813
9782013971287
9782016265604
9782070335374
9782070336067
9782070519163
9782211307796
9782035867889
9782017164296
9782012202283
9782070335176
9782070584956
9782035865977
9782017171591
9782070341153
9782374080499
9782211095006
9782211036788
9782952943420
9782707318848
9782494591349
9782207180921
9782848652436
9782848651569
9782072741418
9782324019883
9782501177207
9782412081693
9782021342789
9782226483713
9782350871608
9782377972432
9782268112190
9782408008604
9791032939284
9782370832030
9782363391469
9782846949736
9782210754508
9782754000611
9782246838746
9782070774579
9782369819271
9782226460295
9782381340555
9782021588248
9782211069472
9782370832368
9782221263709
9782738143402
9782850611056
9782382921067
9782100845996
9782234089365
9782840114840
9782226463371
9782709630955
9791033513445
9782377318148
9782370833075
9782844924582
9791032936511
9782385294410
9782747098946
9782370833082
9782879296791
9782844924391
9782021468243
9782265154650
9782379322105
9782385770297
9782363392268
9782370734570
3545020088456
9782374485041
9782823615241
9782386630378
9782205212099
9782080235930
9782744406645
9782823621020
9782841132416
9782841131389
9782841131426
9782070595372
9782841135707
9782745901385
9782092574409
9782211201551
9791035203221
9782211337243
9782211305273
9782211091473
9782211321372
9782211332101
9782211315593
9791035204723
9791035200794
9782211207812
9782211048200
9782211065542
9782211311939
9782211124362
9782211108270
9782211061384
9782211203654
9782211306249
9782211309301
9782211087469
9782211317078
9782211095761
9782211200707
9782211212120
9782211329415
9782211318112
9782211219631
9782211315746
9782364748064
9782211304573
9782211304696
9782379321221
9782379320934
9782379321078
9782379320576
9782379321382
9782379321566
9782379320972
9782379323461
9782379320989
9782379322990
9782383231080
9782379320408
9782844926920
9782379321337
9782379322082
9782379323034
9782379322846
9782379322297
9782379320859
9782379322174
9782844928856
9782379322259
9782379322150
9782379322488
9782379321023
9782844929143
9782379322440
9782379322969
9782379322242
9782844928245
9782379321528
9782844929396
9782379321191
9782715263659
9782070126644
9782212566079
9782035822673
9782749304298
9782268107004
9782370830333
9782352891451
9782910391782
9782352892151
9782910391614
9782381224664
7822261956161
9782226494474
9782021342901
9782370730961
9782375021774
9782381340357
9782755636130
9791094405086
9782081412781
9782907202497
9780790403335
9782876917026
9782876919242
9782754001779
9782876919419
9782412055854
9782203212398
9782876919983
9782412037812
9782754001823
9782226467539
9782702166703
9782702192818
9782070301959
9782330019389
9782390253709
9782378012908
9782732498171
9782355272653
9782012248700
9782012248304
9782012248212
9782012248205
9782702826607
9782702806241
9782702813089
9782702826614
9782702813096
9782702827468
9782221108710
9782702822135
9782702822241
9782221215548
9782702822180
9782213718293
9782408056612
9782378881160
9782211207881
9782215189992
9782221281185
9782226451934
9782226493613
9782226442932
9782226488688
9782408057756
9782368362792
9782508018336
9782709629928
9782226220707
9782075077040
9782940673056
9782258091955
9782212676495
9782822903219
9782283040027
9782080263704
9782021486650
9782752914163
9782490834297
9782070141111
9782709674508
9782283040089
9782749934082
9782080233868
9782823618501
9782211212649
9782490253722
9782232148057
9782823608458
9782070145768
9782070758968
9782070771202
9782070785759
9782070134236
9782070729838
9782070766987
9782070735006
9782070710546
9782362796081
9782290388334
9782747066075
9782234063389
9782731238068
9782226135025
9782385294007
9782374081649
9782246836087
9782260052937
9791034911035
9782374084039
9782848682440
9782379320569
9782246845300
9782283041482
9782925416760
9782846949125
9782080480118
9782415005412
9782380945317
9782283036037
9782415010560
9782742467785
9782262079932
9782226462008
9782226492722
9782213725475
9782714404657
9782213686820
9782080441027
9782848863849
9782265090972
9782844925121
9782080271532
9782352894780
9782298031799
9791032938423
9782384822768
9782369815068
9782211220613
9782913741737
9782381340395
9782351911761
9782226478344
9782211312288
9782234091207
9782372731065
9782493206237
9782382331927
9782226498496
9782213663227
9782226259929
9782746840997
9782385290696
9782386431050
9782817712178
5056208807045
9782211323215
9782493206053
9791037104281
9782213685823
9782818064078
9791026403982
9791095184669
9782378881771
9782246818953
9782035948137
9782226439437
9782021526288
9782841118786
9782258143715
9782070712946
9782221116807
9782505071709
9782070197224
9782702144787
9782361936648
9782412055229
9782095053321
9791040111214
9782877670098
9782355046032
9782494591103
9782080484468
9782505082460
9782035924766
9782226497178
9782379220876
9782732490854
9782226476654
9782754824385
9783833146299
9782914330350
9782246833628
9782265155602
9782487412002
9782211201681
9782905983947
9782215197416
9782213721323
9782378881061
9782355843167
9782381402246
9782017225188
9782844205797
9782070511068
9782844558961
9782253040484
9782874265617
9782702188408
9782036055247
9782365698580
9782755636697
9782749955254
9782213604046
9782702157428
9782213598130
9782386040061
9782211065276
9782205208269
9791036316951
9782841569137
9782246833697
9782505082545
9782017330974
9782897760984
9782378880514
9782211324250
9782493909015
9782221197271
9782221254929
9782368563878
9782215176992
9782352415510
9782080246066
9782732499239
9782070659661
9782824637464
9782226321268
9782226450241
9782749952482
9782877676045
9782081370777
9782745985491
9782226314727
9782709672672
9782234062641
9782095035488
9782246672418
9782221138335
9782278125890
9791037509697
9782378803735
9782843046957
9782365697057
9782221269497
9782733914236
9782246861089
9782092491225
9782738134516
9782350873824
9782207260715
9782732477084
9782818063132
9782021038309
9782368089958
9791040117483
9782080208842
9782253107804
9782234090613
9782923827827
9782709667814
9782868082220
9782380584639
9782226248497
9782877679527
9782361935931
0886977531927
9791032926871
9782267032673
9782234076372
9782035976673
9782824612447
9782070120079
9782080257536
9782350878744
3475001062680
9782246836124
9782360620487
9782848055701
9782714404305
5056208808097
9782378882525
9782081495999
9782226508607
9782348090585
9782226481290
9782368465851
5055957703318
9120080076090
5016488131711
9782246541516
9782266126328
5060264371600
9782810008735
9782702166376
9782370832023
9782810438945
9782369931362
9782330185374
9782710371397
9782259321235
9782848862682
9782754831666
9782067244788
9782849535295
9782709672658
5051889657934
0789993810604
9782226478498
9782070381319
9782070388905
9782383220398
9782075148733
9782265144354
9791040117131
9782383991700
9782824630359
9791034766529
9782374083506
9782702184684
9782211305419
9782070366149
9782603027264
9782330066109
9782075154048
9782070510726
9782075117333
9782070360505
9782378805616
9782211228640
9782501167352
9782226503824
9782213634562
9782702820896
9782702824139
9782021578102
9782819505891
9782889442720
9782844922779
9782413040705
9782383496014
9782211063128
9782369021933
9782080439482
9782211010887
9782211222297
9782359908848
9782889081875
9782408033729
9782075174206
9782384820344
9782226470089
9782378802417
9782823617054
9782352892298
9782361932220
9791040126027
9782072991301
9782386512957
9782714474063
9782386691003
9782075175593
9791040117865
9782911013621
9782246831457
9782981161086
9782743640590
9782385770891
9782709658614
9782234097155
9782702157442
9782370553317
9782849905500
9782226398550
9782330150129
9782211093231
9782080145871
9782211205702
9782753075221
9782879473710
9782344066409
9791030707182
9782246832966
9782379323867
9782707357250
9782266357678
9782075232302
9782702195345
9782226497215
9782809853179
9782226503435
9782221284995
9782246842200
9791034911714
9782487600447
9782344071076
9782278120000
9782211350044
9782080456427
9782383110491
9782808213134
9791040806110
9782344059692
9791040121909
9782413077077
9782203257962
9782344055250
9791036343353
9782413093190
9782351783238
9782021587586
9782370554802
9782080416674
9782234097025
9782818065129
9782260057574
9782207187258
9782487819658
9782073098313
9782073111159
9782818065525
9782226507440
9782487819269
9782810210176
9782385532185
9782211019484
9791032311554
9782330216528
9782813236098
9782073137210
9782378562786
9782749960180
9782073085108
9782823622546
9782070322886
9782080712448
9782070322787
9782070329137
9782070323494
9782080700971
9782070325573
9782080703064
9782080701855
9782070324309
9782081250130
9782020585330
9782070323401
9782070326723
9782070323029
9782070325702
9782070324743
9782757887073
9782080706676
9782709674287
9782081377134
9782226474025
9782744173769
9782848054674
9782415001360
9782073088215
9782363390905
9782493184993
9782844924537
9782226437105
9782073044228
9782072973000
9782877675949
9782754000253
9782036044395
9782215080589
9791036375590
9782246835318
9782234063365
9782221272633
9782844924377
9782234074200
9782234057890
9782714448330
9782747029094
9782889440061
5051889664314
9782843792755
9782846663854
9782374083322
9782846663182
9782366370324
9782416001147
9782714454256
9782350877006
9782262085407
9782035917461
9791091301800
9782080432100
5060528033756
9782021468052
9782021524796
9782021571165
9782021442403
9782021353013
9782021545791
9782021309959
9782021550689
9782021585063
9782021468663
9782021523508
9782021489910
9782020975780
9782020975353
9782021435092
9782021553154
9782021514087
9782021505177
9782021413144
9782021431056
9782021575118
9782021494105
9782021453669
9782021543421
9782021516678
9782021585148
9782021477139
9782021042009
9782021545944
9782021373806
9782021553833
9782080270580
9791037508393
9782021508093
9782377318353
9782714480934
9782070785841
9782706428661
9782408019754
9782845636293
9782501124973
9782021519914
9782268030258
9782360841394
9782851088321
9782845637566
9782377530670
9782012242036
9782889080281
9782211044158
9782211095822
9782246776710
9782765860433
9782211090018
9782211043731
9782081332980
9791021033146
9782749950624
9782266267304
9782080429148
9782709665971
9782330191092
9782709676212
3388337127469
9782367191010
9782211071840
5060264375172
9782848053301
9782330141936
9782263158704
9782844559135
9783314209086
9782370833280
9782370831293
9782846663847
9782848686172
9782370830326
9782857259602
9782823610710
9782370833785
9782844926500
9782840114772
9782844926777
9782844923684
9782379320149
9782344045718
9782844926807
9782382992050
9782211085069
9782344062036
9782877676380
9789463788427
9791028112486
9782370832993
9782370831767
9782370832931
9782370833051
9782383230588
9782370832719
9782383231523
9782370833037
9782370832764
9782370832788
9782370833693
9782370833730
9782234095977
9782234092891
9782234090446
9782234089006
9782234092860
9782234096653
9782234096905
9782234088825
9782234081772
9782234095090
9782234089419
9782234099241
9782234096615
9782234083301
9782234090132
9782234092518
9782234088221
9782234085206
9782234095892
9782234092600
9782234061408
9782234092167
9782234089969
9782234097681
9782234093829
9782234086357
9782234081048
9782234092389
9782234077331
9782234092570
9782234093645
9782234079670
9782234094024
9782234096578
9782234095175
9782234093843
9782234070899
9782234096370
9782234097728
9782234092877
9782234075696
9782234092457
9782715253902
9782234091320
9782234084988
9782234088412
9782234088436
9782234087439
9782234092259
9782234090071
9782234096837
9782234094901
9782234095656
9782234057654
9782234089976
9782234088313
9782234078192
3545020084281
9782848681023
5060264376650
9782840574040
9782370830371
9782844924766
9782844927149
9782370830913
9782846663762
9782350879956
9782366370812
9782384820894
9782848653259
9782710329336
9782075158732
9782210968509
9782374484501
9782080204660
9782246011125
9782211305303
9782213717128
9782352047377
9782381226057
9782374481166
9782370730121
9782021468328
9782715256538
9782702189757
9782840061892
9782353190010
9782081246249
9782234083233
9782330039714
9782226215178
9782370830883
9782823603873
9782246825661
9791032904985
9782021113921
9782924519196
9782234090002
9782755700114
9782501122962
9782260029229
9782749182032
9782259319584
9782259276788
9782379354212
9782211022996
9783038330196
9782211235181
9783314215384
9783314213526
9782911013850
9782226441980
9782383220640
9782075196024
9782877677318
9782226470379
9782211026109
9782211050418
9782211223430
9782211315807
9782211061124
9782211063906
9782211335621
9782716316026
9782075211895
9782226500342
9782324027512
9791037513847
9782844554727
9782211089166
9791095135616
9782383110439
9782330145217
9782200636319
9782211094221
9783038330028
9782848680637
9782204117739
9782800169910
9782092513033
9782871421429
9782070552078
9782070539949
9782080493781
8436559466660
9782749947181
9782877679411
9782080419149
9782747085779
9782723455749
9782709666138
9782344009024
9782877677356
9782487606258
9791027103485
9782244491158
9782244491035
9782244491219
9782244491073
9782709671842
9782877679350
9782910391638
9782356740755
9782370834201
9782848651972
9782844929853
9782370834331
9791026900986
9782844925213
9782379321061
9791032920367
5053083239008
3333297312998
9782072951381
9782081629493
9782843792717
3344428180720
9782844928887
9782207252406
9782207160350
9782258068407
9782382990025
9782843375057
9782843374142
9782736647537
9782017021322
9782203236776
9782203244450
9782203207509
9782715264182
9782715260467
9782715262522
9782715264335
9782823603361
9782070424603
9782070320523
9782736646844
9782736646837
9782355849527
9782819506836
9782819506072
9782736647520
9782736647780
9782080206169
9782710331667
9782710378419
9782265155183
9782207180297
9782940408047
9782365697798
9782365696791
9782211300988
9782848687339
9782490138340
9782379322419
9782379322853
9782353030613
9782877063524
9782702431634
9782268054803
9782877066334
9782812604584
9782268050812
9782877064156
9782268054759
9782877066242
9782877067133
9782877067294
9782702436998
9782877064088
9782268066592
9782877067010
9782702497128
9782211341943
9782215083054
9782958814410
9782368562369
9782368563311
9782368562710
9782203248540
9782203295667
9782203250956
9782203280809
9782203157200
9782203296596
9782203240018
9782203276505
9782203248533
9782246790204
9782203565111
9782203551671
9782203553156
9782203552654
9782203552852
9782877679091
9782226478382
9782234080881
9782415002718
9782203122574
9782203137486
9782211203036
9782203140134
9782203160156
9782203140431
9782203140318
9782232146206
9782877677462
9782828919399
9782203610156
9782381229874
9782844928207
9782848681948
9782370830050
9782350552521
5060264376636
9782370830210
9782840576426
9781474916233
9782081633636
9782749309927
9782226399168
9782844924520
9782844922632
9782756026862
9782366249620
9782844928351
9782848682334
9782912632234
9782246815266
9782846663618
9782370830111
9782744147494
9782370832733
9782370833983
9782017140214
9782081379206
9782747021074
4260650743597
9782809917772
4260558699163
9782324031311
9782378882136
9782848680989
9782092596333
9782258205833
9782749915005
9782840577973
9782361932510
9782013350549
9782848863993
9782889860159
9782749182261
9782246827146
9782846664103
9782095021429
9782408031718
9782842381981
9782862664965
9782840573531
9782205211573
9782324026959
9782370831231
9782874264863
9782841565450
9782874260094
9782841567171
9782012248090
9782357205086
9782298095449
9782080257949
9782265159020
9782413079521
9782021545098
9782080438041
9782702184226
9781838666743
9782493206824
9782714404909
9782259323017
9782384929436
9782361953201
9782931300312
9782747061322
9782809905496
9782226455970
9782732485294
9782369021353
9782368126059
9783829026703
9782266071178
9782012432901
9782259248389
9782809825107
9782211094962
9782330167806
9782843792175
9782363608598
9782847241945
9782715244689
9782080219879
9782823615821
9782376710776
9791090947399
9782035926005
9789463045025
9782366246698
9791037507235
9782408031725
9782840115212
9782846946094
9782370832108
9782265158023
9782700054170
9791035206529
9782809814248
9782505112228
9782035917454
9788861120464
9782234090477
9782702191750
9782080411556
9782709676144
9782738153210
9782226188410
9782070425495
9782415005191
9782843793233
9782213680996
9782740421758
9782258195219
9782380155273
9782211204965
9782900972151
9782081382473
9782809917857
9782352894773
9782080290380
9782845960084
9782408003753
9782035964939
9782211223553
9781803701882
9782012248120
9782075096669
9782012248496
9782367409030
5051889660200
9782812603341
9782211094498
9782842305994
8023171046280
5060690791317
9782244491127
9782244491110
9791038702547
9782709647489
9782378276256
9791032907054
9782848681368
9782732476940
9782732476933
9782226314680
9782080447777
9782278065431
9782848681016
9782385293291
9782747012645
9782211094405
9782203064454
9782070575749
9782234094734
9782011679512
9782081249141
9782081436022
9782246852605
9782379353246
9782361953355
9782375610770
9782080207562
9782494797505
9782017141570
9782368463581
9782844925497
9782081343689
9782234057975
9782246784968
9782259205474
9791021044500
9782350685816
9791023519594
9782914401180
9782226400482
9782092559444
9782080239204
9782844925695
9782840578000
9782368362945
9782924645895
9782213677613
9782226469724
9782246755616
9782081272071
9782863743744
9782843792663
9782879017662
9782848055497
9782278100453
9782369811992
9791040114260
9782416012914
9782809916706
9791040401766
9782374255637
9782262105013
9782019457358
9782246428510
9782021496789
9782021572100
9782020404419
9782383221418
9782234057746
9782848765358
9782226229755
9782702837757
9782072898204
9782843792144
9791030700596
9782823618754
9782218038419
9782021487855
9791023515565
9782742752010
9782283039809
9782081420861
9782742700516
9782733813973
9782278122707
9782213733548
9782810432400
9782021538090
9782725625980
9782848768939
9782211209533
5060264377176
3782808715009
9782226486066
9782073105455
9782868334053
9782809910155
9782372890335
9791036355622
9782732485010
9782370832894
9791021031715
9782075130790
9782412025086
9782848680576
9782234095779
9782492768286
9782350681030
9791036600487
9791036602726
9782262099817
9791021053403
9782415012397
9782817706979
9782226479792
9782370832146
9782412076644
9782260056829
9782749934679
9782075172424
9782501161541
9782505112662
9782226467843
9782714403650
9788000073071
9791040117254
9782211070324
9782359811742
9782226483379
9782745902115
9782850906022
9782877679619
9782067225312
9782707346216
9782075084055
9782075110709
3760156485270
9782744068072
9782081494732
9782702907283
9782100830541
9782377560936
9782845821514
9782812604744
9791023501438
9782263178894
9782226475053
9782889572007
9791024502748
9791030102451
9782916340036
3553501230898
9791034903443
9782745913166
9782877673891
9782714474292
9782709659826
9782374084817
9783314217463
9782226481009
9782889276134
9782702877456
9782917559024
9782844926715
9780706142334
9782384923564
9782840577003
9782221117019
9782221132845
9782265089082
9782232146305
9782234099395
9782702169070
9782021434538
9782738136084
9782211045100
9782842531058
9782211226189
9791021032873
9782226475220
9782914923248
9782383224082
9782382843192
9782258119147
9782226400215
9782267050981
9782747088794
9782368129494
9782226494658
9782012438361
9782226484888
9782095035433
9782020639118
9782897770600
9782368465387
9782080449719
9782080425928
9782207182277
9791092752571
9782246832492
9782379331107
9782378880033
9782362661372
9782709660877
9782844925718
9782809917871
9782080264497
9782211026451
9782871424161
9782370832450
9782370833112
9782846220323
9782370830005
9782812626074
9782840573364
9782226459039
9782283037485
9782211231121
9782738157591
9782234088207
9782295011060
9782226458247
9782205206142
9782092573822
9782278130870
9782494797321
9782842053871
9782072963070
9782368563144
9782234085053
9782092494745
9782081330863
9782211097956
9782283040232
9782740402634
9782357207844
9791092928808
9782234096431
9782221271247
9782259312011
9782278049370
9782747055291
9782381961361
9782374480107
9782355842894
9782378880903
9782075122856
9782824619606
9782809715903
9782036013681
9782226493347
9782702160701
9782221202210
9782246830665
9798302431424
9782379850868
9782494797451
9791032914755
9782370734310
9782370734730
9782364686830
0800265939868
5390102521455
9782226471451
9782226248374
9791023514681
5056280421702
4012927085790
9782702180761
9782493816924
9782267056716
9782715257429
9782060371054
9782060319049
9782060370057
9782060316055
9782702158876
9782246828174
9782213631134
9782732480190
9791095438465
5060540770561
5060760884369
9782841270224
9782889359370
9791095397175
9791026827498
9782850888380
9782754829540
9782889357680
9782709667029
9782035861573
9782745925459
9782492476211
9782075189866
9782221277980
9782370833426
9782234081741
9782267055351
9782080251312
9782246828686
9782702163122
9782226444578
9782950943705
9782017876175
9782260023968
9782080445803
9782226499028
9782221112106
9782749181752
9782732479453
9782379221361
9782700020854
9782749949499
9782501136440
9782080412492
5056280435235
9782221110881
9782603026397
9782207130179
9782818051382
9782494591202
9791035309572
9782702183496
9782743668358
9782889086627
9782364742260
9782818065570
9782415003081
5016488137058
9782845636941
9782070785223
9791021407510
3780755119994
9782912485854
9788832914351
9782075207249
9782352890935
9782211236676
9782330154561
9782841564255
9791036318573
9782205202342
9782846344395
9782012386860
9782710326762
9782260029762
9782268110127
9782070146185
9782100806935
9782822238717
9782324027178
9782351912850
9782383223047
9791040123040
9782226494603
9782035964960
9782226319296
9782215177630
9782501144162
9782701128702
9782075221214
9782211302234
9782747019842
9782360121632
9791095184751
9791094908358
9782809920246
9782501158121
9780932113337
9782266354462
9782215200253
9782700286953
9782203293090
9782877672399
9782211094986
9782278128327
9782226112415
9782234090408
9782226488244
9782849534250
9782889156368
9782226475015
9782848052793
9782702188606
9782916357140
9782954807102
9782268104386
9782213726953
9782877066808
9782871426509
9782840116530
9782213705989
9782915810332
9782907202619
9782211061896
9782259012430
9782800154497
9782262040017
5016488134057
9782010023545
9782246816812
9782754100441
9782740408643
9782234074767
9782810401840
9782262031213
9782382920794
9782262023980
9782493594686
9791037513045
9782383991007
9782259249157
9782020944656
9782226256881
9782702439289
9782221104316
9782253071624
9782816166408
9782213629995
9782846344371
9782286018573
9782264008336
9782737385551
9782234096882
9782732427195
9782742747924
9782253108429
9782701504711
9782415009335
9782246831525
9782350740584
9791034911189
9782356741349
9782246820666
9782849490952
9782911606106
9780756643331
9782246822714
9782013921077
9782737349300
9782268106670
9782745901606
9782723429450
9782212572117
9782226392138
9782702191392
9782371025158
9782081631663
9782221157466
9782732487427
9782702826263
9782955932735
9782709636339
9782709635639
9782215022053
5016488136808
9782070591138
9782035844422
9782743669119
9782732427935
9791021050136
9791023516234
9782234080904
9782266168199
9782382991237
9782809805734
9782213635699
9782745920317
4260650744853
9782914645966
9782859566241
9782889084050
9782211071666
9782234057357
9782850258862
9782385060565
9782849903964
9782877069694
9782368362082
9782889574148
9791021007482
9782246662211
9782844927088
9782374181585
9782869598676
9782866650261
9782081421691
9782226497093
9782092503973
9782707306951
9791094405413
9782737380815
9782709636599
9782070768530
9782350877853
9782408054083
9782848680934
9782724236101
9782215023319
9782709663458
9782812601163
9782745904881
9788832911794
9782877670111
9782350873954
9782344043219
9782841111787
9782350681436
9782266033527
9782035961679
9782081452077
9782268076171
9782745911193
9782221074916
9782081497870
9782848054926
9781803707051
9782889154760
9782207181188
9782915056471
9782719102824
9782749948324
9782847698367
9782757603369
9782412045381
9782010170034
9782809917970
9782344022122
9782344021248
9782263009105
9782501091053
9782221191002
9782749931333
9782330202781
0800265939851
9782818061589
9782226132970
9782221193044
9782070395118
9782895587460
9782955932711
9782841387731
9782228894029
9782298020243
9782259259897
9782070660322
9782877675680
9782259315272
9782080440334
9782298004588
3512392333231
9782844207395
9782130836445
9782732478456
9791035204297
9782867463365
9782228926133
9782100024476
9782953384147
9791027108626
9782868332462
9782744134920
9791030102826
9782724265781
9782070650057
9782246671510
9782912138309
9782246839323
9782709674362
9782073013071
9782501021333
9791091285421
9782492928178
9782416003547
9782278061815
9782895121152
9782922868753
9782732442846
9782702163696
9782377354351
9782080429773
9782851808547
9782841961597
9782070120512
9791020345790
9782840115915
9782711421992
9782745912701
9782234052871
9782226240088
9782818811573
9782889830404
9782749962122
9782745910752
9791040110729
9782709649186
9782801104941
9782846822671
9782816014426
9782702868546
9782352896203
9782738134967
9782740412459
9782737385926
9783829026550
9791027611713
9782813220172
9782742754489
9782702194355
9782365493857
9782877673884
9782013211727
9781474944786
9782070359400
9782268110813
9782246492818
9782211092302
9782226450647
9782352280057
9782226136961
9782956017301
9782747507370
9782724296556
9782258064959
9783822816721
9782867269912
9791036616013
9782366370102
9782700220438
9782203122444
9782844208330
9782226246868
9782732472355
9782020264228
9782915810240
9782416000560
9782846949309
9782379337376
9782879016214
9782709661805
9782213613253
9782211200042
9782226070012
9782717727418
9782912080820
9782749946429
9782714478368
9791023517217
9782262030377
9782080672667
9782366370010
9782358711258
9782350741154
9782226137944
9782361540036
9782877065153
9782756533889
9782226318954
9782384260010
9782377316151
9782020851671
9782356741639
9782850880018
9782226472991
9782070644353
9782070466603
9782912609038
9782916141091
9782841869633
9782226105899
9782070300242
9782226242945
9782370832481
9782846663694
9782263178160
9782211225748
9782234047341
9782841139293
9782800157795
9782709661775
9782348073038
9782867433405
9782226229861
9782911075377
9782878332124
9782738157201
9782204135221
9782745904188
9782278052097
9782823614381
9782290144176
9782080279200
9788848655628
9782070743964
9782844942319
9782707355171
9782232122453
9782850259364
9782702185308
9782218005060
9782714435569
9782745904331
9782263146152
9782840063292
9791037500649
4001504405441
9782824613826
9782246826750
9782070106790
9782352213833
9781474965859
9782021452112
9782020610445
9782211049085
9782840577041
9782908731156
9789053496145
9782843194122
9782013911283
9782711881420
9782415004187
9782350872896
9782889535958
9782213626758
9782246820253
9791021050822
9782381400365
9782215062356
9782246776017
9782380821543
9782246862680
9782268038858
9782759233373
9782263173332
9782754017695
9791032400500
9782840577188
9782746707177
9782363392053
0800265939455
9782708253698
9782212673661
9782081200838
9782700226508
9782752903259
9782749182247
9782382920428
9782368125250
9791030102574
9782298074901
9782278300105
9782081433489
9782905007186
5060690791065
9782070781409
9782211097918
9782215031499
9782092112700
9782749261911
9782226018649
9782842381103
9782732495521
9782725636757
9782915398106
9782862607528
9782246831280
9782258208865
9782215023982
9782843048302
9782862744575
9782490253364
9782259314145
9782290059388
9782271116192
9788832915891
9791032102299
9791034909483
9782416010699
8717418475345
9782234070950
9782259320009
9782234090583
9782757211809
9782756534251
9782368467732
9782848930589
9782501163811
9782742431076
9782080295606
9782226495020
9782226120403
9791095743071
9782211025546
9782080442000
9782732494012
9782221082546
9782234097803
9782221109595
9782352215738
9782370670731
9791032939383
9782738154026
9782221199800
9782226114570
9782745900722
9782213598147
9782350875132
9781474934152
9782378011796
9782383230120
9782841138968
9782841389940
9782258197060
9782709648578
9782228900645
9782226455857
9782253188131
9782732430171
9791025204917
9782221100103
9782714444257
9782081390423
9782213678061
9781859958612
9782080289759
9791021052925
9791036343032
9782383610007
9782213721019
9782702188392
3436949536527
9782213625126
9782330186173
9782745905116
9782501124188
9782221131053
9782501043038
9782746522138
9782951711037
9782072950599
0826663103274
9782081398436
3700664525600
9782745902207
9782847899702
9782379336553
9782081408548
9782258057722
9782738129055
9782916468129
9782914645805
9782070367801
9782277236924
9782745902887
9791036338021
9782246822608
9782226250636
9782258041080
9782379353079
9782266036993
9782813201966
9791032906422
9782749938851
9782070334520
9782258000100
9782700256383
9782743607074
9782914923392
9782218031700
9782228929257
9782211301954
9782213025445
9782221279564
9782843900662
9782858151714
9782914923620
9791020907622
9782234078871
9782371023048
0603497850006
9782021409567
9782841464562
9782867260773
9782357830219
9782226177100
9782709613651
9782081500655
9782737302213
9782246818601
9782858903504
9782850880087
9782877675277
9782234077195
9782379332166
9782742463398
9782363080714
9782842636449
9791038703247
9782204155649
9782740404676
9782841030200
9782207168677
9782262036249
9782100805648
9782358780582
9782408046231
9782352630272
9782258078307
9782262003128
9782081505094
9782211209090
9782218046766
5430002880532
9782226180902
9782745912466
9782246825586
9782700223248
9782383070306
9782756103921
9782877677851
9782080288523
9782211208437
9782844700995
9782324031434
9782268108780
9782383230328
9782713015182
9782841116218
9782259316743
9782357992122
9782382991008
9782707320506
9782745940704
9782264042071
9782234085749
9782732466699
9782353030903
9782378880842
9782843193378
9782081383814
5060540770653
9782745901491
9782879295848
9791036324406
9782260057055
9782840577980
9782749916330
9782226256102
9782221254233
9782070561797
9782709642798
9782226451170
9782875800909
9782234069480
9782253072423
9782740412312
9782916357584
9782226457691
9782408052515
9782381750309
9791028513221
9782957712922
9782765414056
9782844922731
9782709629560
9782715804807
9782757603314
9782246688716
9782221087831
4260650743429
9781405497480
9788832915884
9782263018121
9782895406310
9782844981301
9782359811605
9782815311090
3781226004603
9782070556489
9782383223832
9782265156210
5060760880873
9782218030451
9782842774271
9782350741338
9782915262186
9791037505088
9782215030843
9782070776139
9782745965905
9782213668314
9782021469677
9782812626166
8436016711005
9782080460653
9782211061933
9782867266324
9782215197539
9782360985142
9782378801526
9782246395713
9789463788410
9782711200214
9782213699035
9782841148288
9782100832422
5060264375783
9782744113925
9782357830141
9782246575610
9782265097506
9782907563468
9782844923639
9782501050050
9782490490004
9782488335058
9782744154775
9782913955387
5060264372355
9782226105455
9782412057841
9783314218477
9782263149740
9782258162150
9782865353217
9782262016197
9782910635787
9782709659697
9782267048414
9782211062459
9782075137003
9782700222296
9782709819848
9782907354998
9782221189139
9782377971893
9782012350021
9782355271342
9782220057460
9782849527290
9782351001127
9782745930446
9782221247112
9782378872793
9782372543811
9782382991152
9782915911596
9782221193242
9782207261613
9782367465982
9782813227508
9782246826491
9782218057779
9782848932286
9782702807644
9782909351063
8436016711258
9788832913408
9782818041383
9782369021841
9782813205254
9782070740109
9782075154154
9782081314184
9791090657458
9782740416563
9782266283069
9782724212389
9782221125731
9782749306551
9791095454175
9782757605110
9782221243169
9782228886048
9782867267727
9782211090476
9782745918611
9782213600826
9782845260559
9791027105694
9782743615451
9782221068014
9782707318251
9782212674729
9782215161073
9782258017290
9782226031150
8436016711135
9782714437242
9782809917932
9782842779085
9782848931425
9782246829355
3700664526898
9782344062463
9782355843280
9782915056761
9782603010488
5060264377633
9782259205504
9782709671279
9782246287919
9782850259432
9782846344388
9782729843090
9782384820573
9782724221909
9782228897259
9782080810663
9782408020491
9782226060587
9791097594688
9782246813477
9782841133161
9782831101415
9782366581461
9782226029256
9782858506088
9782081617636
9782738217455
9782368087466
9782211234405
9782851578945
9782841566754
9782385290153
9782213721767
9782211230742
9782383223344
9782889572045
9782263176944
9782841134243
9782330102760
9782879017129
9782343098579
9782863480113
9782809917963
9782415010539
9782714440358
9782840499794
9782258152717
9782806310835
9782850880056
9782211030830
3700664530208
9782234056985
9782913741188
9782715814189
9782035859150
9782745907356
9782380822588
9782251454290
9782408014650
9782226078506
9782747099608
9782744132599
9782110004833
9782364747777
9782981537003
9782383110071
9782213628851
9782246838708
9782702870303
7822670190569
9782708135420
9782848053028
9782753011472
9782758805182
9782330195434
9782749115238
9782378152420
9782226153050
9782756433059
3545020078747
9782733904787
9782265096424
9782846344241
9782021113211
9782081379190
9782226105660
9782849529270
9782226016805
9782211068697
9782021464122
9782260017691
9782211048651
9782707319302
9782081422278
9782246770114
9782355840609
9782708245389
9782738134622
9782354810252
9782744120404
9782092498163
9782848650296
9782266290913
9782492731051
9782908650822
9782358722742
9782266297752
9782879231037
9782493043023
9782501042963
9782709665568
9782386010088
9782605000821
9782909351971
9791026100041
9782877675581
9791023520347
9782258097094
9782081307087
9782749945439
9782213629384
9782298121827
9791034907052
9782230002016
9782877063821
9782226186560
9782367468839
9782366581140
9782226058874
9782265087064
9782715244184
9782258011267
9782876918030
9782898360480
9782702886472
9782875573537
9782213725642
9782080208613
9782809499223
9782020872423
9782283586259
9782840114369
9782221009925
9782849334256
9782702439036
9782841270415
9782877677530
9782260056447
9782226449313
9782740401033
9782355220777
9782353190034
9782226066466
9782080116567
9782021183795
9782070393442
9782711201181
9782211301237
9782012920088
9782866650063
9782749105123
9782732495897
9782258057357
9782283039489
9782203107687
9782810011643
9782246852155
9782708405608
5060201659884
9782700286151
9782749103907
9782221252987
9782603028728
9782226078223
9782075090667
9782080429780
9782378872120
9782749174419
9782262040642
9782754100724
9782278128785
9782360621231
9782843376818
9782082008952
9782810208128
9782286004187
9782847347067
9782035861566
9782738149312
9782378561574
9782228913331
9791032901564
9782298086690
9782817709093
9782221140307
9782226167347
9782745905215
9782226483515
9782750912642
9782100857708
9782809802511
9782013929240
9782702812426
9782910030407
9782226396150
9783314214974
9791029509551
9782368127230
9791020908032
9782211208987
9782711423248
9782211085557
9782501177283
9782375782149
9782035604811
9783314207242
9782366581683
9782246824794
9782211208314
9782350773827
9782246832553
9782846361002
9782850888236
9782824608280
9782253063612
9782207182222
9782295013330
9782747061704
9782211055970
9782228916400
9782378881580
9782075176361
9783829028615
9782840061205
9782745980977
9782012002661
9791028131029
9782246857891
9782231001414
9782862661636
9782731223446
9782266243537
9782707146175
9782365692069
9782895120032
9782714416131
9782365691888
9782267050462
3512392726675
9782221113530
9791021060494
9782213718125
9782351790007
9782738157683
9782378151454
9782732486543
9782081510456
9782804122614
9782412058145
9782749961729
9782709670203
9782265116320
9782844927224
9782385071035
9782878332346
9782211036658
9782226170569
9782744160028
9782215051220
9782408047054
9782845822368
9782858502929
9782715924420
9782367344140
9791028504502
9791023519006
9782070145928
9782070377466
9791032931820
9782744144431
9788832910117
9782852760110
9782848055237
9782709644655
9782092542903
9782070448845
9782265075160
9782905007032
9782081440395
9782211211093
9782330195489
9782266296281
9782207165201
9782914923385
9782850880179
9782877635585
9782035751980
9782889116546
9782709659222
9782350002651
9782700014525
9782246826576
3770001471754
9782361937942
9782283028155
9782283040485
9782368086506
9782911683077
9782226035158
9782215129325
9782379890376
9791040403869
9782246830498
9782211207218
5016488133494
9782211079235
9782379310577
9781405422352
9782217671013
9782915577174
9782845638822
9782232145377
9782940797127
9782246835332
9789991963594
9782259198141
9782013931250
9782366584110
9782070761753
9782211046077
9782745925510
9782361540135
3700664526249
9782380823097
9782912138644
9782070616763
9782355845611
9782226040541
9791021050488
9782818056813
9782268106250
9782501163781
9782211309141
9782268037714
8437015294278
9782081607958
9782350871745
9782221263938
5060264379484
9782213701486
9782036065826
9782100817474
9782810404308
9782204028684
9782745908476
9782876773844
9782816014358
9782081343900
9782373852561
9782702163528
9782749950839
9782809716337
9791021016385
9782702184677
9782877853521
9782070145447
9791032928493
9782080468079
9782846949569
9782035826428
9791025204269
9782226192226
9782749109701
9782915002256
9782732482545
9782234081857
9782846822091
9782848931449
9782846269322
9782213711751
9782283038666
9782738153012
9782368561522
9782246862116
9782253160151
9782092556757
9782330017637
9782259264228
9782221100455
9782907057639
9782818040850
9782865771929
9782812601552
9782226482716
9782226115348
9782259210294
9782226453594
9782809917819
9782747014700
9782221217115
9782745959805
9782373951868
9782070342358
9782719103357
9782268027777
9782215169178
9782862539003
9782380822496
9782919547609
9782070654437
9782848055053
9782246823971
9782369903048
9782850881015
9782221187784
9782035946379
9782743614249
9782708902725
9782246853879
9782754100908
9782246821830
9782889152636
9791040118435
9782709661560
9783829007047
9782849460764
9782358780377
9782844204066
9782745900548
9782226079800
9782092100493
9782702190814
9782844204387
9791021046436
9782265086050
9782507000561
9782817705224
9782702815625
9782350874234
9782021369571
9782203144569
9782228906555
9782246857174
9782702479650
9782745995780
9791040122210
9782221085264
9782759048847
9791021050440
9782264054067
9782901414360
9782810432318
9782379335587
9782412065488
9782377316502
9782702156452
9782361936730
5060201657606
9782848650593
9782330010003
9782268106823
9782075219389
9791037504166
9782210975514
5051889613411
9782262019785
9782408014414
9782352894001
9782364740365
9782228300650
9782710308836
9782877674751
9782408050375
9782330207960
9782258012905
9782204152303
9782226459107
9780545263337
9782357660410
9782804606169
9782800100326
9791030705492
9782840113843
9782840969433
9782377421671
9782713019609
9782914240161
9782211075084
9782702184622
9782221103265
9782738149886
9782368123232
9791034900169
9782374250748
9783836580953
9782211319492
9782070629701
9782844452528
9782743663353
9782746709348
9782095003371
9782352900184
9782362470011
9782370732637
9791092058338
9782226437594
9782017147688
9782246749714
9791026817352
9782878811285
9782738156570
9782234075610
9782203026131
9782092789254
9782490795239
9782246855774
9782501013215
9782211220514
9782246829447
9782756411460
9782745953384
9782234061170
9782877067102
9782917637135
9782277210979
9782742773930
9782757865941
9782211082037
9782378802554
9782850185960
9782350211855
9781474970440
9791020355461
9782213717258
9782844947918
9782355744860
9782737365942
9782226502551
9782408054854
9782492284052
9782361935344
9782745924940
9782749181356
9783869301686
9782845637320
9782383110255
9782879010144
9782277232575
9782226312358
9782501128902
9782749901220
9782823618334
9782211239691
9782211077712
9782035996534
9782714479594
9782226257260
9782070134588
9782378802769
9782369563310
9782714443649
9782749309415
9791023501544
9782246824138
9782369812739
9782708968837
9782355220883
9782745903112
9782267010770
3760156483924
9782211054539
9782080419293
9782804706388
9782036051201
9782747057325
9782756109176
9782380154696
9782740401309
9782246835622
9782754832939
9782267044713
9791023508086
9782226483935
9782265089716
9782081314542
9782812614811
9782212678390
9782762525717
9782702166420
9782035841667
9782226441706
9782355046803
9782070355273
9782758805281
9782841388981
9782352213505
9782913955738
9782246827283
9782823605013
9782212569568
9782745926142
9782226495952
9782889155545
9782070771165
9782012358409
9782871424390
9782265154674
9782246802884
9782253071198
9782812903700
9782211086035
9782266052351
9782370553935
9782075191296
9782352411369
9782889074808
9782372730983
9782742791187
9782021510133
9783314215346
9782268067704
9782816186239
9782226445551
9782361934361
9782072705076
9782370730664
9782879231389
9782749174723
9782215094098
9120080071910
9782080206145
9782841052110
9782743659103
9782749909776
9782213595306
9782067251564
9782845634510
9782889086542
9782744126918
9782847204551
9782371460126
9782211318129
9782761920070
9782747000581
9782731237986
9782743632557
9782283022757
9782305041810
9782818063927
9782317012846
9782265155626
9782366722659
9782212570397
9782215124832
9782330124458
9791040117261
9782365693677
9782258204966
9782709665230
9782330187927
9782260056676
9782363600752
9782912138262
9782213699134
9782746712447
9782351782538
9782846264051
9782211071079
9782742460786
9782221124239
9782221254707
9782809805697
9782401056794
9791097160692
9782355040177
9782010195068
9782724204216
9782845500860
9782259221443
9782221085028
9782603025857
9782226159281
9782020982962
9782366371307
9782010026430
9782081608153
9782363392015
9782732431819
9782924645208
9782302089372
9783822816868
9791035205652
9782914240475
9782226194046
9782905292421
9782916533728
9782924645949
9782020392105
9782809917987
9782070661190
9791038702226
9788869760914
9782081347632
9791020903181
9782744166006
9782700031133
5060188671121
5060760884147
9782221096277
9782812904936
9782080437549
9782809452686
9782263040177
9782384820870
9782012002418
9782710306207
9782908209532
9788830312869
9782211203012
9782709669429
9782745997999
9782356080929
9782603017722
9782017872351
9782700025767
9782330187934
9782849900215
9782259191210
9782953675009
9782226193582
9782035603654
9782246863724
9782374485478
9782915418248
9782070641802
9782759224548
9782226461957
9782950994127
9782745908131
9782213026855
9791038702349
9782130356226
9782913741614
9782818061336
9782382460924
9782072753992
9782363391766
9781859950425
9782850880667
9782350873428
9782080105721
9782371001107
3760156486215
9782226397898
9782709615730
9782916552880
9782221137062
9782813202543
9782746506497
9782081300712
9782259311212
9782743614478
9782844200631
9782732484242
9782234056480
9782713015731
9782365696838
8718591185021
9782917637432
9783314215391
9789782365699
9782246818571
9782021465259
9782811213244
9782724230352
9782867388354
9782210747272
9782912138606
9782311626094
9782738151711
9791038703926
9782915569551
9782813225719
9782862661469
9782809491395
9782246685319
9782744121647
9782709669382
9782742740000
9782213717340
8437020062121
9782075160605
9782714452474
9782211044684
9782215169222
9782807306523
9782286142650
9782226173287
9782369690894
9782715400719
9782226218513
9782749238067
9782130835530
9782268080437
9782603024997
9782091881980
9782377354276
9782075089883
9782707189592
9782367344379
9782226170064
9782851809964
9782212562750
9782745905017
9782234096813
9782844277152
9782352832768
9782246834977
9782889085958
9782919066957
9782259284370
9782330034696
9782412045114
9783836504416
9782709622882
9782842771669
9782212564624
9782851809117
9782848765334
9791091504669
9782864246800
9782296963177
9782280856065
9782212676860
9782081363786
9782340077300
9782081431164
9782100837601
9782035947192
9782226500083
9782352412571
9782862741543
9782265097278
9782260055938
9782365694377
9782072720376
9782915577051
9782226500281
9782754811828
9782290035344
9791022612920
9782070709458
9782211070898
9782812314186
9782809489279
9782742753352
9782266286183
9782246830573
9782854080292
9782035932549
9782816192766
9782350872469
9782226393265
9782352890164
9782081471894
9782749182735
9782709642415
9782844786937
9782731237924
9782889152544
9783314207266
9782246314424
9782382921463
9782226482945
9782849107294
9782487071230
9782221107621
9782821216839
9782268104850
9782207165256
9782072968808
9782310048385
9782330187026
9782210979116
9782081608191
9782213727165
9782080414700
9782213712567
9782818054390
9791091081245
9782749158563
9782866455385
9782352944768
9782100837014
5060264377374
9782707183248
9782359053012
9782100825189
9782268108476
9782749176260
9782379310751
9782830704280
9782742789313
9782361935627
9782355271915
9782365693516
9782246731818
9782234079861
9782267015201
9782745984180
9782759035175
9782365493277
9782603025321
9782707179012
9782930263113
9782740406915
9782080419088
9782701154411
9782253012566
9782211079990
9782825802953
9782330072803
9782840499114
9782742789894
9782847951462
9791033612018
9782711032334
9782952400800
9791032928547
9782365690355
9782092101001
9782266307062
9782889080748
9782350877471
9782709650526
9782207256947
9782841353163
9791028303396
9782415004927
8720256139096
9782350770895
9782330162665
9782846070645
9782950043245
9782360981564
9782714494450
9782211074728
9782040199999
9782809712063
9782211073448
9791032924419
9782732486574
9782352046462
9782218959011
9780582933330
9782227731202
9782846663403
9782075171977
9782732491875
9782823621198
9782013981354
9782246829904
9791021058255
9782914330367
9782221267721
9782737373145
9782709662413
9782100776252
9782246480716
9782246819417
9782012804494
9782263021732
9782818038192
9782913955844
9782081412859
9782330178741
9782091886152
9780385340991
9782879011387
9782744182457
9782081376489
9782353451432
9782234058286
5016488138192
9782226323781
9782226125729
9782847346107
9782848054575
9782290374788
9782848689371
0194397176728
9782259268424
9782831300306
9782226453464
9782259251341
9782848659695
9782211203982
9782823604054
9782330027568
9782408034467
9782080454409
9782013930383
9782262022518
9782845403062
9782226439062
9782732481609
9782732440170
9782702168400
9782364805804
9782501157018
9782343226675
9782707128720
5016488133517
9782355300714
9782080456335
9782070373277
9782228905534
9791030101348
9782848680033
9782080450074
9782221146682
9782378561352
9782072935596
9782378804381
9782226173492
9782070633500
9782070197873
9782909428581
9782221157299
9782226173621
9782081500457
9782070577316
9782221082591
9782905969767
9782036016163
9782268105758
9782213705569
9782717102864
9782378901608
9782072945564
9782211075640
9791030408515
9782073071804
9791035205553
9782830705645
9782218954375
9782213609096
9782493206480
9782203101470
9782813800152
9782385294878
9782350877884
9782259217477
9782493816009
9782075131407
9782036022201
9782848055084
9782745932785
9782081603264
9782930182568
9782492439056
9782035899439
9782081209084
9782913955370
9782361570002
9782883538146
9782360510658
9782092545904
9782745948434
9782844922922
9782203166783
9782253067962
9782358780384
9782900923412
3760156486390
9782809812558
9783314208317
9782012248366
9782812626111
9782035893093
9782211306867
9782700211986
9782258199958
9782603006139
9782344028605
9782207168950
9782260032571
9782258110687
9782702837344
9782227728332
9791096681174
9782253073116
9782702875025
9791023509717
9782714437136
9782809493849
9782381401195
9791029509629
9782749950822
9782211221962
9782603026724
9782234060265
9782807331396
9782732489506
9782263174506
9782878581348
9782234097278
9782846662826
8437021082098
9782385770372
9782080435200
9782850880261
9782020843157
9782258077928
9782714426666
9782218045349
9782226474087
9791036314018
9782258110465
9782702915141
9782714451040
9782080427595
9782211236584
9782877632393
9782812307935
9782355840623
9782340038714
9782362317286
9782709666954
9782012434455
9782377841677
9782956298151
9782253071648
9782211059879
9782715405738
9782889535712
9782259283656
9782841133338
9782816005295
9782702182895
9782822245678
9782259230278
9782415008826
9782266279611
9782218743665
9782213635729
9782226172389
9782702862667
9783314217005
9782070197620
0811949033932
9782258208926
9782258210967
9782846662543
9782075168342
9782913990708
9782742460243
9782714499684
9782020997560
9782330186142
5060528030502
9782732479248
9782744068102
9782738115744
9782211056304
9782075129770
9782013906050
9782844590268
9782350877549
9782817708263
9782812627101
9782081244467
9783836566186
9782749162263
9782368087572
9782218038464
9782810430413
9782070467105
9782080270450
9782080234889
9782867396250
9782211063371
9782823617887
9782213705590
9782384361533
9782221264102
9789037411119
5056607400083
9782715257375
9782490501304
9782234063921
9782266204262
9782915002096
9782234058668
9782700223606
9782226440037
9782213725659
9782246832300
9782733301074
9782715260412
9782749531793
9782371022805
9782211076807
9782246818977
9782749911663
9782226192233
9782377353705
9782915118728
9782364291300
9782907993265
9782356982377
9782092713075
9791026813743
9782092543436
9782890928350
9782350670034
9782246832089
9782100769209
9782021329179
9782234060357
9782262037314
9782742709380
9782846268042
9782305072715
9782350771502
9782355271748
9782211029469
9782369819899
9782841021390
9782017321613
9782742791071
9791021031586
9782823613636
9782702155905
9782330057985
9782909351124
9782890003323
9782754307192
9782330174248
9782203142466
9782246820123
9782822902601
9782374480480
9782840060840
9782260003335
9782344052754
9791037509727
5056280435426
9782213704609
9782215155300
9782070554072
9781405452199
9782702182758
9782867211492
9782844720276
9782067253247
9782850259678
9782877674300
9782211071765
9782266334136
9782844945334
9782258100015
9782501148245
9782268084992
9791091081672
9782021012767
9782844924995
9782080445926
9782081633841
9782745984852
9782281141573
9782711874408
9782111576414
9782757844380
9782268107929
9791032905586
9782210977525
9782603025901
9782081416284
9782756111629
9782310032612
9782221011706
9782707121578
9782732432113
9782021181579
9782603028421
9782603006894
9782745908117
9782350741284
9782844205810
9782361836375
9782259278850
9782882584878
9782810427178
9782218971976
9782867469565
9782021511550
9782234087477
9782737324758
9782073079695
9782207117750
9782226179654
9782362200540
9782919934645
9782368085363
9782701182650
9791028513085
9782702161555
9791036354496
9782714498861
9782226322210
9782847347807
8717418610951
9782764453216
9782013211901
9782859840822
9782226480347
9782100779789
8436016711739
9782070752782
9782749162447
9782234097087
9782816194821
9782867267185
9782707348951
9782700225716
9782848687209
9782221004616
9782709669375
9782709646611
9782110024299
9782075145664
9782350877761
9782353151509
9782841238675
5906961191113
9782266326643
9782351782927
9782864243892
9791023507454
9782367322582
9782010196904
9782213701110
9782246832041
9782234078116
9782848052106
9782723451598
9782749941189
9782378880057
9782212556971
9782706602030
9782702841426
9782916032764
9782714444035
9782258036093
9782070562978
9782246835882
9782070574827
9782330027575
9782226131843
9782842314378
9782816192759
9782370735225
9782915577044
9782226493828
9782035987044
9782081391796
9782754110952
9782743620066
9782092514689
9782907202305
9782226461315
9782382150429
9782416003875
9782840018681
9782840064213
9782081479098
9782702190609
9782290235409
9782070451852
9782745971210
9782812625596
9782213705187
9782070201617
9782412029992
9782082009928
9782850769580
5060528038904
9782745947789
9782360220007
9782877675734
9782879470092
9782746704589
9782081485846
9791026264576
9782361540968
9782900923276
9782363082428
9782383612155
9782343151298
9791036315824
9782360983148
9782092590102
9782299003498
9782378762230
9782840065005
9782412034118
9782350002637
9782262016289
9782264073686
9782810216253
9782702842294
9782021359091
9782070601325
9782811208240
9782360982455
9782226393920
9782764606995
9782265089075
9782226245694
9782221267530
9782226325808
9782876785267
9782709628747
9782882583451
9782234079687
9782330078010
9782020558518
9782330078546
9782363083463
9782732498874
9782844920454
9782070147045
9782259195409
9782211224864
9782036065321
9782818056714
9782035861955
9791095582403
9782226319418
9782350878966
9782910272449
9782490253500
9782733914168
9782330201739
9782271052643
9782290070826
9782012431362
9782702822265
9782745906199
9791037505217
9782376320272
9782918682264
9782702912959
9782268110516
9782415001841
9782882580214
9782360620272
9782081343016
9782072821684
9791035315665
9791028117146
9782850881824
9782213029443
9782357830325
9791093661360
9782075186896
9782353900015
9782381224503
9782709659840
9782259312615
9782415008086
9782283585986
9782317016813
9782012421202
9782226492579
9782355221422
9782913493810
9782490356515
9782355041051
9782860002639
9782081309180
9782234078901
9782213633886
9782246840732
9782321017325
9782376972105
9782080437730
9782709661416
9782738132598
9782070722716
9782095047559
9782817705354
9782914923446
9782070197422
9782744064173
9782348058646
9782840573036
9782841115648
9782384923656
9782383110330
9782870271353
9782914227278
9782350688435
9782711740369
9782841138289
9782330161316
9791035310042
9782330024192
9782841580811
9782010106330
9782234059801
9782924973943
9782754100557
9782841137220
9782716316873
9782379353345
9782501017459
9782330057299
9791037507822
9782365698634
9782501144919
9782021101713
9782873910440
9782259206105
9782492928109
9782357830295
9791022614887
9782010135569
9782707349439
9782700274332
9782070338948
9782745904119
9780714861982
9782814106086
9782360980765
9782844209085
9782714449566
9782035927378
9782745932631
9782737356438
9782246824893
9782732427775
9782714451286
9782350874869
9782246817451
9782700278798
9791035206574
9782246757214
9782895122531
9782226157157
9782744405235
9782075135580
9782359494983
9782246783893
9782258196285
9782700726282
9782737373541
9782350685908
9782350874784
9782356392923
9782258202184
9791041414468
9782702442593
9782492768309
9782747086752
9782311626391
9782848055077
9782851086013
9782355847653
9782380150643
9782070595570
9782831300177
9782212139327
9782918857020
9782810431960
9782915586510
9782745601827
9782226258281
9782228932943
9782701177335
9782707314529
9782017022046
9782266205955
9789984729671
9782213704623
9782251453064
9782809846881
9782846261678
9782016281932
9782080417947
9782268094861
9782709660709
8720254990798
9782415006907
9782361070113
9782092508152
9782736661557
9782213722450
9782360986040
9782226254221
9791096315956
9782809808858
9782258148031
9782080450951
9782211086578
9791026901174
9782221196267
9782952655019
9782352632818
9782330081997
9782702118719
9782724619300
9782743625894
9782228916325
9780606913331
9782757604809
9782081502352
9782742758609
9782370551672
9782351203651
9782081395725
9782330023034
9782259203012
9782360980451
9782362316340
9782081219137
9782906284814
9782757804070
9782100830824
9782290361726
9782501126854
9791095438038
9782070196968
9782810012114
9782747087032
9782416007354
9782867212451
9782070643448
9782840708124
5056208807977
9782230000760
9782365773331
9782211057806
9782290225394
9782213717425
9782351201961
9782226399564
9782390251378
9782844786135
9782724220476
9782864329619
9782351813638
9782915173055
9782844556004
9782370552983
9782844554253
9783899558906
9782080124227
9782081352544
9782370732729
9782707355362
5060264375400
9782035927132
9791095821397
9782720215568
9791032915011
9782075164313
9782813225856
9791020907097
9782246603610
9782226005106
9782745900616
9782846820851
9782843044571
9782246838463
9782745942845
9782746506954
9782367190716
9782501046213
9791091081658
9782700282696
9782913741270
9782846668422
9782738134721
9782877678544
9782021233445
9782359054002
9782257207074
9782714476395
9782817702575
9782368121238
5056280450153
9782840966067
9782261024063
9782221107546
9782212676846
9782812202377
9782080242365
9791020908797
9782092527894
9782016277324
9782957005529
9782360982677
9782702144428
9782490155835
9782709670098
9782100752911
9782070568925
9782359662771
9782081249158
9782841976621
9782493206282
9782841879793
9782302059627
9782840830085
9782259197335
9782357830073
9782258017252
9782226179364
9782290061077
9782213705439
9782812313714
9782035844576
9782350771892
9782815312998
9782226256201
9782246822677
9782210743540
9782203232037
9782724200553
9782412039731
9782702163511
9782350875569
9782385941086
9782848657745
9782213644424
9782379222177
9782072847653
9782350874487
9782226172396
9782226066886
9782260029168
9782877067225
9782358322560
9782733864821
9782744156793
9782283586877
9782818061039
9782809492804
9782213712154
9782742724987
9782200632212
9782412029206
9782743801472
9782358800778
9782898024610
9791037513090
9782380755152
9782603027813
9782211066785
9782384920471
9782386400032
9782040199111
9782100846573
9782258078253
9782246817130
9782848762968
9782754800921
9782491467562
9782226436160
9782906285026
9782259279642
9782380943696
9782080445742
9782211237000
9782211056328
9782213666815
9782732440323
9782913955042
9782416001604
9782360981793
9782204060202
9782843379482
9782807334915
9782749928968
9782035927309
9782302063822
9782070594108
9782253082026
9782330081423
9782215144564
9782823614039
9782374913704
9782756404080
9782747048279
9782020973960
9782278100156
9782743617851
9782354135478
9782910272630
9782382924259
9782358878654
9782080108661
9782352411772
9782350876283
9782828910112
9782876919594
9782221269848
9791070060476
9782848655765
9782849105733
9782246778912
9791021059887
9782010009044
9782738129901
9782035946515
9791028513818
9782226188434
9782355840876
9782848650609
9782913955363
9782020095297
9782848769448
9782709614627
9782259316101
9782213605104
9782708958692
9782711425211
9782877676281
9782234081130
9782501173070
9782262107772
9782017163985
9782879470641
9782075083577
9782840830115
9782296016057
9782913955448
9782749176406
9782261024261
9782915056419
9782283031919
9782016261965
9782709656788
9782844164810
9791030102932
9782360983537
9782841430734
0602508731099
9782070755875
9782226398949
9782878332070
9782010210563
9782744198496
9782748537864
9782221218945
9782761939966
3770011615827
9782226195975
9782702913529
9782367602103
9782732432892
5060760886394
9782021552744
9782259315838
9782709648639
9782226437815
9782747514965
9780007331550
9782733909768
9782709649834
9782408025250
9782211064873
9782283039861
9782016285664
9782709671958
9782841564927
9791038702462
9782081331976
9782267025224
9782380154641
9782100791804
9782707347701
9782733882696
9782353660575
9782265077010
9782702871935
9791021044081
9782914240314
9782840481089
9782036011434
9782226503374
9782809483857
9782246658214
9791035408138
9782921548649
9791035208103
9782040181277
9782211091886
9782013911900
9782211087841
9782913741461
9791020904744
9782258090514
9782702834022
9782749179650
9782700277203
9782268107332
9782737366901
9782866653750
9782211048781
9782226315113
9791029510250
9782092401156
9782818057865
9791092304183
3510654584087
9782816195637
9782882580207
9782267050516
9782916468013
9782849903988
9782246625810
9791021035676
9782355197154
9782840118657
9782848052823
9782035947796
9782898151767
9782754110136
9782729618131
9782745908759
9782487819351
9782715245846
9782268110165
9782378562571
9791029505881
9782218071751
9782874264085
9782378152246
9782709660693
9782035936134
9782877671668
3010000053132
9782070316571
9782344033470
9782702867730
9782081347281
9782259306942
9782889080274
9789020972399
9782213701080
9782259205696
9782732424552
9782840019497
9782364740129
9782879011059
9782246863199
9782850611797
9782016270493
9782211080552
9782311100068
9782374181509
9782603030172
9791021049338
9782740402597
9782501161190
9782700509489
9782746525160
9782361570149
9782757876503
9782226172181
9782702860205
9782227486614
9782877675994
9782070149513
9782879010151
9782738209191
9782246861676
9782070727728
9782848686691
9782848652573
9782263146541
9782013906760
9782259221276
9782035947178
9782732430140
9782213717210
9782075157957
9782710376866
9782265116856
5060690795889
9782889080915
9782841116188
9782915577808
9782902913169
9782067257092
9782749169149
9782713004469
9782898152320
9782226193988
9782070394258
9782258191938
9782211049030
9782130882824
9782732436470
9782211058018
9782035825025
9782743620608
9782246836445
9782251339177
9782702926819
9782207235171
9782914240970
9782221276990
9782221240106
9782259190398
9782226438478
9782330032524
9782745957313
9782212571004
9783314200113
9782732429564
9782702860076
9782378802776
9782890517004
9782366246964
9791020910356
9782745925077
9791038702677
9782956296379
9782803452569
9782732486468
9782221252772
9782381223254
9782501160858
9782367602455
9782737376030
9782213725710
9782110746245
9782259305853
9782036015159
9791097284169
9782818057919
9782226153982
9782246755012
9782848689265
9782383130697
9782845261686
9782401050983
9782879010779
9782709670050
9782091807508
9782213712253
9782809716757
5060264372393
9782100817528
9782356485014
9782841824861
9782237003573
9782321006268
9782352890911
9782840119616
9782246621911
9782401021310
9782204108904
9782831300214
9782376715634
9791035315740
9782070537105
9782915810196
3770017623239
9782847201925
9782092495971
9782879299808
9782850888441
9782919934652
9782841350629
9782080488916
9782100810635
9782859569716
9782237005140
9782016268896
9782844929495
9782702826768
9782080647788
9782738133762
9782732435473
9782110770097
9782731238181
9782378790783
9782035903778
9782913366824
9782817705484
9782221277201
9782355362217
9782226441782
9782848768007
9782375090336
9782384861781
9782035859181
9782843797903
9782841868735
9782211069717
9782848764146
9782732426600
9782051015134
9782260056041
9782070666690
9782749936260
9782258001060
9782258074453
9782246778516
9782369810445
9782840586388
9782213710105
9782702165577
9782017089704
9782081231894
9782215017394
9782352632078
9782253072348
9782356716118
9782732489988
9782745940513
9782889153572
9782036008182
9782710385646
9782707323361
9782070751785
9782494230095
9782212560947
9782357206991
9782757834640
9782221113783
9782283038901
9782075169820
9782357830042
9782808113779
9782850887758
9782908527605
9782365492638
9782711863914
9782843378072
9782381340197
9782226465429
9783314217371
9782846403511
9782492768460
9782915298567
9782844558817
9782749158273
9782841567324
9782226435378
9782378800208
9782263159718
9782092789247
9782246737315
9782380822571
9791021027534
9782918597728
9782260032502
9782211332200
9782749173313
9782310040150
9782812125744
9782704809547
9782253107767
9782911013775
9782017041177
9782385771164
9782298065404
9782246692812
9782912138613
5060760882693
9782846667494
9782246268444
9782716317863
5056280445098
9782080278883
9782731238150
9782714417428
9782234086470
9782738114464
9791039114905
9782714432087
9782847202595
9782013911917
9782080470522
9791022613101
9782940481934
9782081413269
9791026403579
9782743661724
9782889531233
9782841135905
9782213661353
9782808210904
9782213635774
9782082007351
9782221241097
9782317025662
9782212571561
9782367730837
9791035920647
9782745924018
9782213721491
9783314207723
9782262082949
9782702814062
9782848769882
9782203139084
9782215176336
9782912632067
9782220026367
9782211045872
9782226132956
9782283585788
9782844552594
9782745914835
9791091081733
9782744128028
9782344035511
9782702135389
9782800112480
9782330072643
9782410012989
9782366246339
9782226469489
9782732490960
9782840119937
9782846261173
9782070178650
9782740411834
9782100580248
9782361838942
9782210974630
9782266316644
9782290230367
9782879391250
9782732474434
9782900923443
9782213662886
9782702917305
9782841550500
9782917289211
9782377314829
9782746704565
9782807325074
9782213713137
9782070143184
9782021432923
9782841565009
9782877670777
9782702144640
9782408055820
9782910934606
9782380154603
9782914401432
9782204075770
9782020218757
9782841136094
9782080436672
9782246809197
9782298174267
9782715404915
9782226439338
9782843449680
9782070107087
5060690796558
9782360982417
9782382111741
9780714861814
9782259243520
9782915002201
9782841723508
9782360621392
9782745927958
9782709633574
9782290200988
9782213655055
9780714869254
9782812605819
9782401092570
9782809828160
9782226195685
9782262020668
9782081429147
9782816163759
9782072927539
9782080296597
9782416004742
9782261400737
9782215051398
9782749174327
9782212138689
9782383612254
9782070335657
9782211211277
9782745925107
9782916757216
9782709646048
9782744108129
9782748503784
9782070779666
9782745910912
9782363603876
9782081268791
9791023501414
9782226315137
9782355846939
9791032936153
9782020982269
9782092517642
9782350873893
9782258115835
9782843792700
9782081211254
9782848689579
9791028113490
9782226173805
9782742719198
9791090119529
9782749907888
9782700279603
9782070128471
9782412030141
9782092571965
9782737385544
9782081447141
9782850880292
9782408040468
9782355842634
9782355272004
9782850610578
9782753303157
9782299000114
9782268104065
9791036001215
9782858904556
9782262024000
9782812600487
9782234097230
5056208812018
9782021551501
9782221130704
9791036604249
9782374487076
9791022601764
9782330081751
9782070592166
9782731238204
9782305084350
9782915002348
9782840566366
9782081496767
9782350747316
9782493816559
9782258063884
9782380155488
9782812609305
9782357205024
9782866650346
9782841304318
9782846669948
9791032903278
9782501117395
9791037505972
9782841130597
9782858506972
9782070556335
9782845636347
9782845633810
9782211224611
9782720215629
9782012710634
9782841135875
9782749117089
9782226474889
9782715228245
9782408016630
9782841357048
9791021049413
9782749908045
9782748515404
9782246835806
9782816195446
9782070779826
9782915810561
9782740427934
9782210969018
9782810417223
9782401045804
9782361936747
9782756419138
9782070310814
9782753203280
9782070582303
9782226468680
9782226441188
9782234088849
9782226441942
9782080301741
9782815308298
9782714454058
9782368125014
8146470043030
9782848050638
9782072828027
9782072740336
9783829007122
9782091875675
9782020570206
9823587803083
9782258211797
9782831301976
9782234083257
9782100824113
9791096486069
9782290119082
9782211059855
9782234092617
9782259012010
9782910934033
9782749136318
9782368087695
9782823617283
9782376651338
9782035940025
9782869853898
9782749173276
9782877068406
9782848681931
9782357209039
9782258067295
9782258004931
9782913955691
9781859950135
9782867701344
9782330182106
9782382992258
9782283040362
9791021029965
9782702914748
9782021323023
9782414558056
9782234059542
9782845631762
9782380151138
9782501002530
9782702880876
9782012815070
9782234073258
9782413044451
9782017872054
9782846902212
9782914923064
9782501125314
9782809492811
9782258192225
9782210974777
9782234083288
5060146469401
9782703311959
5060528030427
9782746750722
9782842314897
9782701402741
9782752904362
9782732421780
9782081370548
9782263181085
9782707210906
5060522099000
9782205073157
9782714452733
9782246830733
9782415004620
9782258077089
9782731238129
9782383110088
9782080278890
9782732496542
9782080457530
9782906458642
9782258092389
9782352045465
9782234061941
9782745947772
9782501058742
9782840572053
9782363605481
9782848768434
9782218038310
9782848931104
9791028110277
9782246820895
9782348054570
9782501130349
9782740409299
9782848353487
9782211207898
5016488139526
9782036054660
9782360982721
9782200635244
9782207176672
9782080813589
9782081253971
9782709666305
9782226447937
9782355846397
9782259210270
9791028109578
9782487867086
9782714438454
9782877540285
9782226486400
9782360986521
9782081416307
9782732496535
9782848653846
9782877069984
9782221134306
9782364689893
9782878811537
9788437815930
9782262099510
9782226176639
9782081421905
9782733502754
9782207166000
9782311624618
9782918490203
9782363608178
9782211051323
9782080411693
9782749911588
9782850887208
9782283023693
9791040114772
9782700278811
9782218966453
9782070729258
9791021013568
9782324028175
9782226215291
9782850257469
9782350879413
5056208803108
9782737374197
9782359535440
9782913493711
9782879295749
9782246826927
9782952326919
9782070647187
9782374082066
9782213607931
9782877042536
9782757867136
9782017032458
9782408043148
9782367190952
9782702880883
9782360984152
9782700223354
9782702706633
9782067253230
9782211216746
9782878440171
9782370830012
9782494289758
9782211045735
9782754084475
9782130736868
9782246818434
9782211018654
9782263068751
9782815313353
9782265085572
9782490467044
9782702480441
9782246631811
9791021037830
9782756317724
9782330175443
9782384922345
9782355848469
9782412041208
9783829011051
9782840966074
9782070422067
9782258037236
9782842639136
9782748538069
9782213686240
9782207253007
9782754010504
9782330012595
9791040804598
9789491376870
9782501147576
9782914923484
9782081389441
9791032930762
9782715218895
9782745934390
9782354521677
9782226249791
9782330139261
9782211221221
9782714458193
9782070397532
9782723492133
9782714435774
9782850880117
9782732471778
9791036373497
9782234093997
9782376971740
9782700275445
9782742460984
9782010213847
9782852293397
9782021118902
9791090535145
9782330121525
9782228933452
9782081200524
9782092536827
9782226473141
9782723463768
9782213722146
9782867465659
9782070177875
9782744130533
9782879019192
9782259251532
9782832102480
9782221071298
9782267051094
9782330136963
9782246448914
9782749123776
9782714445063
9791023001136
9782801110461
9782226442710
9782075190503
9782100829699
9782800652962
9782232121791
9782818020760
9782895405245
9782507055868
9782212570410
9782021476736
9782732420783
9782908209549
9782070548149
9782080256201
9782840576747
4260252081387
9782358780605
9782246827009
9782745900388
9782075097970
9782350881539
9782913493728
9782412081594
9782260054788
9782234057937
9782846667319
9782211089180
9782745900067
9782226476647
9782352910268
9782070749935
9782823609233
9782226458452
9782350771168
9782226463975
9782234057203
9782210741416
9782849392782
9782700253269
9782714449788
9782081433595
9782368331934
9782493213068
9782352944096
9782259208239
9782246822417
9782702907245
9782740420751
9782382920091
9782081505360
9782092511084
9782702188316
9782075192866
9782258204188
9782707322593
9782715403819
9791032905371
9782226119667
9782807321656
5060264372102
9782080441829
9782848769615
9782350771540
9782740406366
9782883536104
9782385940263
9782080232762
9782014634440
9782702882788
9782226312648
9782080295118
9782745948403
9782080238160
9782226258649
9782408006662
9782848657486
9782100793174
9782702190821
9782035927057
9782375610374
9782370734181
9782374251905
9782226106391
9782259243438
9783836500227
9782070536849
9782370732811
9782381820132
9782080271136
9782260000709
9782215022022
9782211203104
9782754103800
9782702180396
9782841140657
9782906757844
9782234073364
9782754100755
9782218991394
9782212563245
9782246836483
9782738148964
9782012920620
9782215065487
9782742447138
9782816194838
9782841144792
9782711422869
9782740408704
9791021058293
9791038702233
9782700050646
9782130792918
9782237005157
9782035983978
9782012359055
9782848768410
9782021484878
9782702814932
9782203088054
9782262032647
9782210979604
9782882584328
9782915810257
9782375560303
9782746517462
9782812627712
9782737388439
9782848685083
9782082601504
9782244419251
9782745936820
9782754065597
9782732477183
9782877065917
9782371190092
9782203553644
9782344056042
9782867469909
9782260017448
9782019463557
9782862531120
9782378882310
9782100817863
9782843379611
9782889155767
9789403229577
9782259223423
9782843372490
9782215163510
9782958336011
9782330032470
9782070696512
9782211035866
9782355842764
9782378911041
9782075210478
9782350870847
9782366721904
9782743657147
9782816194784
9791034910786
9782818505540
9782913661240
9782416000706
9782361570064
9791023509847
9782857043539
9782021299786
9791038700239
9782262030360
9791035201708
9782907310024
9782010007545
9782234062474
9782815310673
9782731238174
9782246852537
9782907217019
9782246286318
9782070306732
9782846822718
9782702815014
9782258201569
9782373056488
9782021419030
9782021095951
9782357830110
9782211091091
9782226257314
9782251448527
9782363392213
9782354520892
9782246630418
9782841568857
9782383551720
9782227489370
9782412074237
9782843797880
9782702141090
9782841567843
9782879010205
9782745931061
9782412084823
9782408025311
9782709673907
9782841141302
9782070363926
9782912084446
9782378561123
9782211062343
9782801103913
9782092559611
9782253045670
9782700011982
9782070716920
9782226038692
9782850880131
9782226392145
9782415012069
9782501134330
9782040270025
9782081390348
9782218991431
9782384861712
9782714453099
9782221266724
9782081421752
9782228930277
9782070373154
9782369403555
9782246160731
9782708994799
9782908650419
9782848761282
9782258211308
9782413024385
9782218072819
9782843796753
9782361930783
9782035530646
9782070625321
9782226034977
9782840572596
9782226452023
9782380155471
9782380159691
5016488130905
9782100839216
9783314217272
9782330150594
9782221267059
9782879002439
9782020061698
9782390251620
9782757201572
9782020976466
9782246837244
9782847203219
9782352412779
9782811207342
9782710380702
9782070376445
9782211200264
9782915262896
9782732491547
9782266313155
9782211046930
9782864321767
9782815313001
9782012244283
9782228894210
9782745930934
9782908650266
9791095821151
9782259312684
9782213623009
9782321006275
9782917621387
9782226328618
9782867465994
9782221240328
9782856162422
9782360756100
9782840062325
9782859406349
9782203173033
9782020803243
9782226496058
9782268109565
9782353452545
9782844202772
9782221504093
9782841550234
9782847424928
9782267043020
9782299000961
9782203172272
9782884190985
9783829004510
9782737313844
9782211054522
9782081250369
9782408041694
9782013911689
9782246813606
9782702189016
9782378881139
9782010183904
5053083267797
9782824608617
9782081457843
9782070584208
9782363606419
9782211091206
9788828501763
9782070136810
9782290058749
9782263000898
9782384924356
9782800104003
9782226086228
9782408041298
9782880863784
9782745906458
9782070438099
9782753552074
9782266243506
9791033907633
9782844201584
0016861865122
9782377424283
9782917598023
9782080421357
9788874393732
9782020898225
9782226320735
9782915535297
9782246828600
9782330023553
9782081203396
9782343025483
9782070554904
9782203170155
9782809913903
9782738157058
9782365494298
9782035932914
9782715256101
9791029510205
9782211014946
9782081497733
9782876772694
9782211304153
9120080072405
9782702143919
5060188673026
9782226485892
9782848687803
9783314219535
9782368087688
9791022614450
9782013907392
9782378802752
9782011685438
9782700225372
9782234086364
9782733910672
9782070412914
9782756114040
9782352043201
3770017623253
9782700212013
9782724295818
9782709660648
9782859406110
9782415005474
9782298005813
9782330005634
9782866652340
9782745946072
3573310010788
9782070628100
9782226245229
9782226172709
9782702914731
9782211097222
9782266316682
9782882958839
9782350878911
9782870093726
9791036314391
9782848766171
9782753009745
9782940666294
9782072997945
9782415011819
9782843798016
9782246852179
9782080292773
9782850259654
9791041104680
5060690796367
9782507057459
9782700233063
5060201659907
9782841139422
9782754808866
9782213717845
9782738146991
9791029509308
9782080476937
9782715261327
9782412060629
9782841352777
9782383991359
9782897771072
9782877679268
9782263023156
9782368089057
9782842313715
9782812600333
9782259211994
9782365010627
5060997480679
9782754104814
9782603028155
9782702137024
9780751385663
9782702819043
9782330057886
9791037507242
9782882583031
9782378562175
9782330169992
9782070137855
9782080445179
9782843047992
9782317012457
9782280835510
9782081409200
9782081480476
9782381910031
9782844551467
9782262070595
9782749149028
9782924645680
9782260032441
9782743653729
9782953182750
9782807362093
9782367468822
9782364686649
9782363081780
9782700275452
9782258146730
9782854080384
9782401092495
9782744182051
9782258161368
9782226483874
9782487819252
9782501153935
9782366370478
9782110020413
9782702163238
9782704804146
9782259217385
9782501126977
9782020871525
9782266039819
9782035839220
9782743661700
9782017303541
9782350873930
9782908527582
9782226320841
9782742702466
9782754101097
9782234088405
9782215094104
9782383223610
9782749939537
9782352896210
9791025105412
9782840576921
9791092145564
9782021417111
9782246827917
9782376973911
9782350002019
9782731238075
9782744117305
9782731237993
9782234092372
9782744128370
9782867453731
9782226101068
9782490619207
9782010116209
9782361934187
9782749958828
9782081332836
9782246816973
9782959290107
9782709656030
9782877674478
9782246831372
9782213668833
9782317021718
9782234057982
9783314211751
9782259207522
9782812604676
9782848054681
9782408052560
9782021064643
5016488135870
3760247202205
9791035502959
9782731233100
9791093266367
9782370730282
9782130595038
9782381960647
9782205083743
9782246713616
9782258208292
9782092490440
9782732497501
9782361067748
9782353190492
9782742734016
9782360982622
9791037512598
9782211231091
9782740406960
9782841137084
9782707318152
3346030028704
9782207134207
9782130835479
9782731238167
9782800115696
9782283586501
9782324020940
9791021407640
9782913493803
9782744118500
9782732422626
9782070696536
9782350741581
9782330096243
9782253191346
9782302076457
9791091081634
9782246813934
9782348083808
9782207252130
9782017048381
9782265154728
9782100747436
9782912084392
9783829027120
9782268010045
9782330173562
5060201659860
9782290358849
9782898150586
9782290151280
9783038330523
9783923641468
9782344047873
9782359660449
9782081395268
9782505016335
9782021513790
9782353661213
9782809494358
9782324004100
9782246787204
9782384920495
9782226078896
9782081520042
9782379350962
9782874265709
9782383495994
9782714446428
9782221094549
9782743300579
9782732492278
9782889119738
9782754037570
9782952221795
5055957702496
9782743622954
9782330154523
9782212140880
9782746707146
9782200213428
9782075197250
9782702142967
9791090475359
9782815944342
9782841350674
9782361540227
9782226492678
9782745929082
9782035981264
9782745962119
9782818039069
9782213672052
9782915002270
9782747058803
9782355842238
9782951662971
9782226402530
9782714451316
9782234057517
9782912789495
9782290072172
9782715228740
9791030800920
9782266229487
9782266329484
9782221189238
9782226243027
9782415001452
9782840576105
9782850887642
9782823621280
9782010127120
9782841146321
9782842778262
9782330184834
9782758805304
9782913252066
9782246527213
9782745979049
9782100834273
9782246859437
9782700031119
9782298050882
9782755639131
9782075096836
9782724249880
9791020911339
9782211033275
9782840670070
9782865352654
9782401049703
9782701193779
9782330016043
9782809917765
9782330168605
9782352047490
9782731238037
9782382925553
9782875231499
9782732032931
9782702188934
9782850259227
9782382921791
9782915577419
9782745955715
9782364687516
9782374083773
9782070774357
9782070179282
9782807302136
9782035872012
9782370711717
9782211019446
9782866651435
9782710371366
9791027904532
9782866561246
9782226118608
9791021021297
9782226220721
9782070771240
9782226049575
9782731237917
9791028525958
9782264062208
9782844207982
9782916357461
9782267055191
9782370830425
9782702191637
9782875801883
9782371090101
9782213015682
9782036003378
9782843375040
9791021060692
9782344001486
9782374482606
9782251450865
9782362665615
9782283031957
9782378804077
9782813810427
9782330032487
9782355745799
9782212572766
5390102520977
9791023508598
9782262014094
9788000073064
9782260029212
9782070400966
9782376650393
9782363600080
9782072699962
9782246540717
9782226468666
9782709630252
9782277213222
9782290333525
9782828909161
9782075115322
9782210972711
9782412025871
9782012655898
9782264050649
9782246093343
9782356878144
9782070723997
9782221257135
9782916899473
9782075190800
9782203157699
9782877067515
9782738134882
9782263025235
9782290355053
9782213701592
9782501146951
9782841353521
9782810422357
9782321017288
5060690796169
9782754041379
9782226322852
9782879297521
9782253132219
9782266094429
9782840380696
9782738129468
9791035502676
9782070334896
9782262023492
9782213625829
9782017038276
9782080439437
9782876602021
9782246645511
9782268106656
9782754028202
9782737386299
9782212574784
9782110745286
9782818016923
9782355042270
9791022601641
9782864246701
9782745921406
9782824618043
9782700221008
9782350687995
9782361541033
9782226483867
9782702834169
9782745946188
9782226104908
9782408017477
9782213717562
9782915003000
9782911518010
9782848651279
9782035935212
9782200603175
9782262019457
9782330063078
9782382847299
9782035302021
9782359495911
9782354520915
9791039111010
9782733813270
9782385941031
9782070616688
9782843047602
9782070123896
9782263148804
9782707316851
9782912360380
9782756004709
9782021098259
9782070136940
9782259207621
9782232121760
9782081500983
9782234064911
9782940408375
9791027606443
9791090371187
9782897141646
9782020191364
9782846260961
9782700310627
9783836582537
9782070122127
9782930941721
9782381227221
9791020909732
9782359882063
9782290200568
9782738138873
5060201658788
9782330181734
9782259227995
9782809914528
9782035873880
9782841568512
9782812315169
9782492301353
9782213722313
9782081495630
9782603028063
9791091504171
9782365750233
9782080671394
9782877674577
9782749160917
9782841564569
9782353480319
9782355160295
9782408046071
9782246827061
9782733817278
9791032923795
9782743629755
9782221192344
9782737331787
9782317020100
9782290072196
9782412068465
9782714403223
9791022613880
9782021478631
9782227489394
9782383221920
9782908830606
9782070627943
9782746516977
9782709672092
9782747057912
9782277229674
9782493290762
9782823605280
9782361068820
9782708958272
9782218939709
9783836502672
9782753300095
9782080281463
9782383500261
9782749940588
9782350174594
9782732474809
9782356392893
9782226179425
9782221267035
9782743421939
9782246831891
9782100806416
9782348073229
9782130855729
9782035879790
9782843044656
9782363606402
9782702144183
9782841810352
9782203399105
9781405490412
9782842539634
9782294755439
9782221112328
9782081518650
9782732036106
9782745923288
9782016277461
9782603025512
9782746523456
9782080264701
9782211239417
9782352415367
9782743421922
9782013904537
9782100805570
9782070549405
9782709646185
9782258106949
9782021435696
9782360811045
9782851825186
9782092588390
9782908024968
9782262029128
9782713019951
9782263012600
9791037510280
9782709649100
9782213701219
9782747073004
9782925114178
5060760888770
9782709672047
9782707119391
9782745937940
9782874264900
9782010020759
9791031804002
9782360622023
9782344013571
9782850880070
9782351782668
9782867262944
9782843947278
9782072895647
9782226170613
9783829013963
9782353660995
9782889441679
9782215064862
9782867460562
9791020904140
9782021456226
9782215083153
9782348088438
9782302077713
9791023501520
9782823620351
9782221215579
9782869010260
9782746757035
9782265116498
9782081230439
9782266039840
9782246830948
9782266229067
9782877674997
9782355847684
9782738151865
9782858507931
9782259315913
9782760921078
9782731238099
9782702830062
9782218038556
9782262077297
9782228921671
9782226322746
9782702838990
9782352630029
9782749934969
9782709647632
9782259318419
9782915810554
9782742715695
9782351002674
9782100800438
9782070625734
9782401028166
9782226393562
9782914401982
9782868044372
9782035010285
9782754812146
9782067146693
9782352040354
9782848760667
9782702205181
9782352630135
9782355845048
9782848689852
9782226208552
9782738120038
9782215071136
9782408041908
9782080462497
9782330038915
9782350741178
9783829028813
9782843623929
9782378010027
9782844785770
9782732423784
9782743657178
9782359882292
9782714440136
9782824608655
9782258133891
9782749307886
9782221264591
9782841135226
9782258209954
9782330141400
9791040115397
9782246720614
9782875804549
9782744141270
9782040270056
9782226190840
9782259216586
9791032922194
9782743636210
9782412043509
9782745906229
9782863744642
9782818053645
9782749920283
9791037503473
9782021548822
9791040118190
9782010093906
9782211067454
9782012814585
9782251453361
9782867266218
9782092589342
9782211048958
9782719106990
9782259276504
9782714481948
9782283023136
9782258107465
9782841356102
9782714458674
9791097331436
9782218992421
9782408033866
9782853276559
9782234073395
9782490050024
9782754814300
9791021058309
9782210979444
9791040115311
9782916357324
9782740411636
9782092542811
9782010049286
9782211085700
9782910934927
9782350175942
9782723469319
9791032927076
9782226490384
9782842215408
9782848650227
9782234021952
9791036354441
9782070453351
9782732434506
9782713015380
9782749931753
9782330027612
9782226062215
9782213606729
9782070623433
9782382331804
9782923841960
9782749951409
9782228309059
9791022612913
9782749945873
9782246583516
9782081460034
8718591188411
9782844269171
9782358052337
9782035902092
9782841356249
9782412031315
9782234092242
9782100766413
9782211011730
9782846668255
9782072589423
9782278059706
9782226476388
9782246861447
9782226070630
9782036043619
9782234080324
9782360622016
9783829026604
9782213722122
9782847364873
9791091081641
9782877634663
3127020502554
9782848996813
9782703311997
9782357200319
9782745901293
9791021057814
9791032917169
9782035839190
9782081379176
9782749150888
9782278054763
9782360981908
9782715266223
9782246824633
9782492476082
9782862666143
9782278089406
9782070395606
9782020208178
9782362240959
9782365693424
9782757833582
9782226136220
9782215030829
9782221012239
9782709665193
9782700043716
9782070633708
9782800126913
9782227310094
9782882506696
9782702180310
9782707318367
9782234057531
9782843190094
9782384311316
9782246789000
9782221130599
9782800123387
9782812907883
9782035927149
9791026900016
9782865351886
9782378910136
3700664527413
9791038703360
9782344057179
9782848685977
9782368461884
9782021469363
9782408016456
9782010171437
9782723485883
9782080236463
9781421587677
9782350877044
5060522093053
9782100738861
9782749166667
9782258152663
9782866765019
9782878334647
9782246772019
9782080437822
9782855655093
9782745924780
9782203143463
9782747014816
9782268107783
9782246599012
9782878680355
9782351782767
9782234080263
9782263150999
9782757840009
9782080415349
9782374086965
9782700312324
9782213634067
9782210965249
9782490070091
9782251447810
9782383223528
9782263181238
9782262082161
9782011000835
9782749904382
9780316139878
9782857044307
9791097160302
9782259319782
9782713019982
9782012002616
9782840575474
9782412028735
9782702139998
9782901076100
9782877855358
9782843786457
9782221259870
9782081607941
9782732483245
9782822402576
9782278122653
9782283036945
9782021125061
9782302036277
9782317034794
9782290225387
9782226317308
9782850257940
9782757866054
9782070122141
9781471702778
9782203222397
9782350684352
9782258071889
9782917289358
9791021057692
9791033517139
9782917371695
9782700010060
9782816199451
9782732472249
9782372731478
9782408008826
9782850888311
9782258096516
9782702188880
9782858909988
9782226477392
9782385294533
9782846902847
9782850612220
9782732448893
9782737385346
9782218760235
9782330163310
9782877065139
9782226467768
9782953979015
9782226131249
9782358711272
9782207160947
9782370671004
9782818058664
9782375151440
9782360985470
9782021175196
9782749924182
9782221085493
9782212564464
9782841350209
9782366026061
9782749941462
9782879294988
9791035302009
9782813208897
9782823614527
9782843376665
9782019453794
9782876451414
9782847241624
9782858904853
9782378883102
9782812302787
9782747004398
9782100796199
9782384360109
9782362663543
9782234096158
9782258026636
9782213613413
9782815313438
9782714455819
9782363391667
9782729619725
9782130423294
9782260017233
9782816195385
9782917344019
9782709667012
9782226486363
9782330096854
9782745929167
9782226034229
9791036313226
9782201016202
9782914659574
9782267030693
9782915810097
9782355221262
9782732427768
9782070769773
9782862662824
9782021493979
9782865772100
9782020615198
9782744126376
9782080432230
9782075156776
9782846331326
9782262097042
9782889083800
9782348072871
9782234059061
9782848862859
9791026903994
9782262022440
9782080259332
9782246815457
9782035930996
9782226470263
9782749943213
9782075099431
9782035967275
9789053250822
9782363601049
9782810436996
9782492768347
9782070124183
9782203278080
9782848657257
9782758802709
9782212673579
9782845635012
9782253174868
9782080436719
9782709646154
9782380155495
9782846665506
9782376971313
9782205001570
9782017197515
9782711031856
9782724205732
9782848683454
9782021320572
9782501130615
9782494247055
9782879018713
9782700230796
9782246858454
9782302057821
9782878680362
9782211054553
9782226319999
9782951662940
9782745949820
9782264000712
9782815312981
9782866652036
9782246838005
9782749948348
9791034765812
9782745904195
9782379414220
9782340073968
9782012436848
9783895083310
9782130857723
9782070397525
9782035305053
9782494282551
9782916032610
9782070786435
9782226480378
9782412064733
9782757604656
9782070145454
9782211300308
9782211220873
9782882508331
9782911289545
9782365699105
9782226151100
9791025206256
9782848681641
9782369815297
9782365692946
9788866680826
9782383221692
9782494730069
9782258152038
9782915621136
9782740421888
9782889830435
9791038701106
9782036018808
9782357207806
9782354322410
9791028510466
9782080257932
9782709669306
9782278067404
9782298022131
9782708962637
9782709635196
9782211068635
9782412057575
9782226024213
9782246851387
9782732462073
9791097150914
9782092769058
9791032906002
9782215094500
9782075153256
9782847349368
9782226192486
9782914923132
9782844200693
9782211225724
9782070662555
9782840574972
9782070121229
9782415004569
9782816195453
9782278122837
9782844552181
9791038702899
9782377421589
9782268016412
9782745900173
9782367468297
9782100767687
9782130380047
9782226167224
9791034901708
9782382924204
9782340078116
9782895120827
9782070575473
9782081280601
9782021563658
9782918857310
9782246682714
9782092563298
9782283040119
9783314211805
9782603027295
9782812604997
9791021040304
9782278128839
9791038701496
9782035857033
9782221107485
9782226477309
9782749143354
9782213706115
9782868698582
9782749173047
9782268058702
9782368360491
9782706602269
9782810205240
9782253101253
9782848681870
9782841355006
9782100778362
9782909013138
9782075135450
9780524033333
9782913955356
9782841139064
9782364746930
9782226319302
9782278054558
9782380159202
9782753302532
9782841137381
9782362010804
9782200600037
9782350681412
9782302063730
9782747541411
9782751000911
9782914199209
9782737379772
9782081452596
9782492768613
9782072862106
9782226019905
9782756410821
9782218069734
9782092783955
9782818056066
5060264377763
9782841356850
9782844942586
9782843375446
9782036024632
9782847241969
9782809818444
9782130524090
9782877678858
9782745904805
9782749155647
9782366536430
9782361399726
9782759044351
9782226115706
9782360621842
9782914729529
9782850886805
9782211332057
9782874261732
9782278061839
9782742795697
9782844310095
9782267019957
9782911606045
9782035053718
9782081221413
9782226480941
9782263156106
9782358510776
9782746745384
9782011673961
5060760881269
9782067256149
9781859950531
9782844206626
9782738145130
9782840019183
9782850881510
9782246837206
9782020961684
9782754103046
9782021402612
9782330177881
9782226249685
9782877066891
9782070149520
9782258074927
9782278056705
9782809829099
9782246809012
9782020550765
9782215030218
9782070128310
9782824001777
9782732478869
9791028513672
9782070196999
9782366584417
9782404080116
9782911013683
9782745905161
9791038701823
9782702862674
9781407509976
9782330187903
9782848867779
9782841464401
9782360122394
9791093853703
9782081248649
9791092119923
9782246817895
9782408052577
9782246800637
9782012247925
9782081384439
9791030702606
9782889583737
9782211037822
9782714457899
9782412046425
9782740407332
9782950141316
9791021033184
9782747007757
9782710381310
9782221221693
9791030704082
9782384920358
9782754107914
9782092535035
9782070785469
9782877677806
9782744145100
9782732497471
9782226193926
9782385210151
9782246761310
9782841119257
9782070122844
9782226254917
9782842781668
9782215171836
9782020846493
9782012008304
9782744107931
9782070123117
9782863740750
9791038701038
9782234081109
9782363082749
9782709818490
9782841134762
9791040805762
9782070136988
9782070658831
9782877673686
9782211056373
9782823610758
9782012442542
9782732441771
9782711829088
9782348059667
9782701191911
9782848055374
9782040183264
9782848054568
9782211307505
9782800118307
9782283036785
9782930417721
9782353190270
9791030105315
5056280435624
9782700303605
9782226108623
9782067254084
9782363390769
9782016286029
9782360510023
9791030706536
9782843469695
9782234088139
9782305040738
9782302080904
9782226177001
9783314214141
9782864970392
9782848659480
9782262041151
9791035809836
9782283027363
9782330155025
9782844924452
9782350879383
9782070129942
9782746751064
9782227476974
9782070771592
9782700396140
9782017214687
9782749168517
9791038701694
9782906389540
9782844205988
9782749132143
9783314215339
9782081511446
9782848657547
9782744135903
9782850185731
9782709656948
3558380116318
9782716317993
9782742741069
9782877871075
9782070397716
9782416001321
9782910934439
9782882583888
9782357830127
9782708953758
9782360755912
9782756091723
9783836558112
9782221253878
9782259314060
9782744104152
9782246835745
9782262009663
9782714476371
9782259210041
9782812907401
9791028520915
9782897193423
9782830707557
9782351813690
9782879296920
9782211064941
9782368361382
9782842702137
9782253055099
9782709643689
9791029505584
9782253193128
9782221203217
9791032923849
8718591187773
9782842631840
9782253133087
9782203143531
9782081395718
9782100824458
9782021362466
9782352046417
9782742765607
9782350874388
9782100830800
9782226153944
9782844149657
9782754753227
9782218958991
9783314211034
9782207130476
9783833150838
9782867449383
9782740404751
9782330000103
9782246832904
9782221192795
9782330121464
9782380154658
9782378790585
9782361935634
9782271132437
9782227503014
9782268111636
9782344021484
9782211078436
9782246863748
9782380944679
9782702874165
9782351782132
9782740412671
9782130810131
9782869413047
9782753006706
9782348059407
5056208804716
9782226489791
9782221187845
9782207181423
9782234058644
9782221197905
9782815314091
9782812320736
9782818036204
9782259253260
9782021422832
9782908136029
9782707349996
9782317013775
9782352630098
9782368127483
9782350682433
9782200618421
9782258011113
9782253083252
9782866761523
9782095027667
9782408040079
9782743629120
9782355843259
9782226259806
9782262101688
9782070754984
9782733503096
9782226479785
9782226173324
9782340035799
9782226252036
9782212573572
9782810422753
8718591185717
9788886250474
9782915810066
9782842033569
9782843230059
9782070774678
9782100576623
9782957712854
9782228934947
9782732422275
9782865351695
0800265939844
9782213622514
9782603028636
9782221253748
9782848650784
9782408020705
9782213615004
9782849908662
9782080260635
9782723462884
9782258147218
9782731238020
9782081221048
9782226441102
9782709656290
9791036315817
9782246641612
9782749932545
9782226246875
9782844921628
9782227500860
9782364805637
9782203237483
9782253070603
9782226460349
9782017059578
9782702183564
9782226084958
9782873912543
9782757897676
9782364938786
9782258010710
9782081285323
9782357830288
9782841810680
9791023518689
9782501141833
9782842381110
9782700039023
9782364292093
9782709813945
9782729893293
9782702185339
9782378880972
9782700055054
9782260029342
9782095031510
9782745979759
9782752904072
9782408030735
9782740418383
9782012367210
9782745934055
9782809917994
9782956028000
9782211208024
9782743636579
9782226474391
9782743404178
9782818006030
9782732434087
9782812626432
9782226195968
9791038206205
9782867466816
9782302075443
9782377354320
9782807321144
9782290139806
9782848685151
9782882584564
9782841564521
9782317019678
9782070537112
9782383880431
9782226244314
9782070761852
9782846173087
9782344032176
9782757888247
9782234070080
9782824608099
9782745984876
9782211098168
9782070146000
9782080461971
9782221196298
9782072951664
9782234094864
9782268104812
9782847020366
9782905292629
9782355042225
9782877673570
9782210962460
9782731213782
9782070522019
9782803634651
9782877677042
9782731238013
9782352896128
9791033912750
9782908209747
9782067251403
9782711875481
9782211063395
9782035845849
9782878680461
9782413086154
9782379315701
9782092502914
9782848651033
9782368465196
9782840115892
9782100819409
9791031802145
9782246828969
9782080415271
9782915810479
9782355300585
9782879460253
9782211308182
9782012438514
9782705805326
9782246622116
9782350871530
9782818500910
9782226238900
9782361570071
9791030801101
9782849033791
9782865353392
9782843350450
9782073007582
9782803421404
9782364689756
9782701121666
9782360983575
9791032934289
9782501140737
9782370732453
9782212570830
9782075147965
9782070746767
9782226321824
9782213020693
9782842033958
9782415008055
9782732491912
9782879297620
9782226475947
9782952326926
9782360983919
9782355043574
9782070726714
9782815319324
9782221251737
9782754090391
9782757867129
9782880863623
9782841353101
9782081610279
9782711425181
9782371024601
9782290252475
9782840573128
9782361399528
9782360983001
9782858922765
9782749928937
9782081300156
9782879296975
9782268104829
9782818061688
9791097084202
9782218971679
9782382920619
9782226218353
9782848768014
9782841138456
9782352630678
9782800145839
9782850259456
9782075211192
9782205076806
9782020229012
9782266213431
9782246818694
9782353451845
9782749942759
9782215159148
9782365691338
9782812911224
9782754101707
9782080456885
9782221221617
9782226456809
9782878582697
9782840708896
9782749183183
9782848767543
9791022613354
9782207163573
9782070558346
9782072733345
9782874491900
9782749176550
9782749913742
9782702188910
9782213662596
9782915090161
9782350740867
9782352900313
9782259278836
9782268047607
9782221193235
9791028120863
9782915586022
9782211067492
3760156482897
9782912084118
9782253260615
9782278067497
9782749123073
9782283586006
9782800100364
9791022613750
9782221197417
9782501041898
9791036311741
9782211094849
9791036605185
9782740404201
9782035850881
9782732483238
9782246815327
9782385771249
9782754827690
9782246817376
9791037501257
9782749163642
9782227492660
9782747088244
9782381228808
9791028526108
9782371022683
9780545413336
9782251720197
9782848931814
4009750520673
9782262027599
9782226491435
9791030102604
9782226129734
9782752903006
9782889442287
9782702821046
9791028509910
9791036327193
9791026404545
9782211304702
9782737373589
9782072993091
9782353661299
9782330117221
9782889119813
9782378881900
9782749932194
9782807323698
9782234083264
9782246821946
9782910272326
9782363083104
9782930182575
9782848862132
9782324020926
9782234070103
9782408039714
9782075213936
9782226437136
9782877677059
9782246824954
9782035855732
9782067213616
9782733810682
9782919547449
9782365121422
9782359494341
9782382923238
9782844312884
9782754102575
9782493816467
9782218078989
9782846732529
9782501125888
9782226393876
9782040270063
9782703301950
9782082011686
9782081222496
9782080670465
9782738134653
9782080263964
9782731210927
9782376863298
9782203156173
9782070148240
9782110040329
9782226143594
9782812609251
9782234046030
9782700211436
5060540771193
9782847341744
9782072876707
9782021548549
9782377423125
3010000021599
9782350771533
9782374181325
9782035869968
9782213620602
9782952655002
9782383130666
9782234092976
8424365722674
9782352047254
9782221200223
9782221256626
9782366240603
9782492596384
9791097079376
9782075154970
9791023513455
9782905212184
9782505122593
9791036320170
9782211207706
9782070767274
9782012405370
9782221126011
9782081633704
9782702819906
9782211213578
9780569933339
9782070305360
9782080256461
3760156484853
9791026400134
9782731237955
5060528031400
9782379510793
9782707150752
9782900923108
9782746615885
9782330173845
9782912138514
9782350770963
9782234079854
9782283039564
9782330135171
9782246732013
9782408025779
9782321011163
9782266324465
9782709669344
5060968300005
9782013907842
9791027104468
9782268028972
9782283025185
3760156482095
9782012436374
9782298124521
9782213727332
9782700212075
9782075152426
9782259278409
9782755701098
9782351783092
9782714445223
8718591187193
9782221253731
9782070737635
9782290032725
9782080274946
9782211239165
9782246830337
9782889531134
9782351782897
9782378803438
9782218992551
9782700307214
9782070784257
9782877066662
8718591185366
9782700277760
9782035907578
9782700275414
9782710383208
9782723407946
9782848659060
9782211212403
9782259198066
9791028504816
9782702809266
9782080456076
9782840988731
9782210979062
9782361931858
9782818058817
9782010164224
9782816014440
9782017021926
9782234059252
9782916533964
9782848764702
9782070464937
9782743632564
9782758805175
9791028518585
9791021020511
9782226466358
9782810006502
9782981161062
9791028510503
9782302037656
9782846667548
9782246227427
9782841134045
9782501032667
9782754806183
9782080423085
5056635600523
9782012442528
9782745908469
9782355847196
9782355849831
9783314209529
9782379890239
9782360840106
9782749181066
9782385292485
9782355046483
9782070132065
9782753803121
9782709668743
9782378801809
9782848680408
9782263183652
9782702867457
9782213681733
9782840830429
9782858150946
9782365698160
5060146467957
9782745969606
9782749934839
9782021421781
9791032928394
9782211236096
9782221270561
9791036362842
9788830310551
9782012008328
9782759017942
9782070631100
9782070335138
9782070724024
9782819506478
9782915810608
9782298062281
9782081427525
9782742783717
9782221129531
9782218038358
9782253101291
9782221083161
9782258085046
9782714498403
9782910708283
9782221117163
9782840583714
9782070406050
9782012804715
9781474955270
9782268068893
9782092527900
9782731201444
9782211068307
9782070561995
9791032921890
9791026900146
9791033921394
9791033512622
9791036305504
9782350879642
9782226494177
9782080287021
9782259307109
9782850881527
9782234086036
9782360320103
9782258109179
9782415003142
9782908650655
8412668184558
9782749943718
9782812320545
9782035984357
9782810003976
9782267014983
9782246825302
9782221249222
9782743659158
9782035976574
9782290319055
9782812615283
9782487583009
9782738119421
9782867465789
9782911722547
9782841389858
9782217650032
9782707346438
9782277021292
9782213686530
9782375020203
9782365693219
9782379411939
8720256139003
9782714479488
9791028519797
9782709629829
9782234089310
9782744118661
9782246663515
9782035835352
9782355843273
9791032927977
9782745969569
9782846344319
9782748514797
9782914330992
9782299004679
9782812307997
9782365493871
9782862743660
9782840584711
5056208800022
9782213668208
9782365492423
9782846948944
9782212570199
9782350002422
9782218939594
9782358720410
9782700312331
9782379220333
9791021407466
9782383269922
9791033608738
9782842711047
9782246486718
9782330162511
9782330169534
4260650742194
9782290235782
9782283036815
9782271136916
9782754010740
9782501137416
9791032404614
9782809916188
9782701161525
9782373091076
9782070776146
9782889573257
9782080277336
9782130829201
9782743661687
0810023038566
9782226488640
9782020177382
9782364052116
9782874263507
9782017197522
9782842032586
9782081379367
9782844923813
9782745931245
9782012247406
9782760925243
9782072945618
9782352630074
9782100843565
9782841388561
9782413081470
9782738118257
9791091081283
9791028503314
9782351782026
9782745934048
9782847345964
9782848767567
9782818041000
9782744179587
9782714440594
9791032902370
9782070334322
9782707213396
9782365691932
9782259311977
9791028513108
9782070631605
9782750901615
9782745955012
9782232121784
9782738150721
9782230002696
9782213615776
9782879000558
9791090398665
9782849140413
9782841670444
9782366248715
9782747046664
9782745908865
9782290226605
9782081257528
9782290233580
9782494463059
9782081252394
9791021018181
9782765860372
9782100566389
9782221255186
9782226173676
9782253057024
9782035859143
9782376720362
9782070581832
9782383990925
9782740408209
9782713004544
9782080238658
9791037510532
9782749945866
9782262106393
9782259000871
9782749240862
9782246838623
9782373680492
9791022402767
9782070387434
9782924651568
9782804605025
9782743629489
9782353660506
9782710378266
9782361934965
9782877673396
9782081210387
9782702184523
9782234076419
9782719111055
9782809478389
9782215143628
9782707320339
9782070122837
9782211026260
9782841132935
9782070568918
9782915810721
9782245007310
9782262023836
0042281598722
9782070357703
9782221146767
9782226126085
9782732420943
9782226084750
9782952326940
9782914330411
9783905462197
9782290365311
9782268064628
9782330163204
9782273001281
9782490545032
9782915825657
9782360982639
9782709660808
9782915577624
9791021061859
9788861121270
9782226219992
9782370553256
9782035844484
5060264375592
9782494289154
9782370552396
9782897128623
8718591186684
9782895687603
9782740411810
9782845637962
9782824612058
9782226321640
9791032925072
9782234085909
9782020788106
9782259001366
9782844204783
9782749179322
9782760912748
9782723497459
9782258054332
9782709627474
9782070545582
9782262012953
9782203138988
9782239811015
9782713002465
9782013959155
9782262087548
9782749106953
9782720215377
9782081337213
9782849533710
9782377840830
9782211010054
9782377312245
9782010014956
9782213644479
9782092545621
9782215147916
9782732477381
9782867465383
9782702843772
9782408016906
9782365592895
9782715228566
9782809489682
9782226448446
9782357830035
9782745905291
9782823602357
9782080204653
9782818042045
9782824603698
9782080413864
9782354130411
9782363600271
9782930787909
9782012920613
9782882584748
9782864241157
9782290038611
9782701164953
9782021012590
9782841464333
9782378880996
9782262050450
9782246687214
9782360982233
9782754103435
9782368128589
9782203037960
9782259207089
9782070196692
9782259252737
9782226497727
9782742741090
9782211027748
9791026900610
9782911013201
9782889080625
9782080418395
9782915667233
9791025205990
9782035959195
9782816154788
9782268040967
9783314210792
9782080428813
9782742463206
9782813207371
9782260020752
9782228901697
9782925141112
9782707347329
9782914923644
9782351763827
9782266329507
9782848681375
9782211200820
9782812601231
9782221139028
9782330101442
9791035311674
9782246834533
9782702194379
9782809917833
9782226443380
9782359061697
9782487817036
9782246734116
9782130876281
9782702120996
9782221274910
9782081332843
9782262087180
9782889085040
9782355160769
9782738131935
9782370731265
9782080411457
9782226088178
9782246816935
9782702163658
9782823617016
9782215030355
9782849033807
9782081500778
9782737340826
9782200634537
9782850083730
9782092788363
9782100772384
9782845637702
9782211055734
9782110022226
9782889531691
9782218038303
9782073085412
9781803707815
9782070713752
9782955993903
9782850884368
9782745937681
9782226322234
9782707347985
9782413043355
9782035868091
9782350002811
9782081634879
9782361541040
9782818058510
9782702442609
9782379354021
9782259209427
9782100773510
9782092520994
9791020903235
9782743632632
9782733904497
9782890517318
9782383221890
9782804162702
9782383110248
9782917559857
9782745900241
9782234078970
9782702893203
9782020985222
9782408015817
9782305072890
9782246812661
9782749206790
9791026902416
9782226400192
9782080250421
9782221110669
9782743664411
9782368909416
9791035307707
9782266299824
9782081421127
9782709675772
9782841112340
9782844922090
9782822902922
9782351783351
9782715262973
9782247214914
9782756401645
9791028513061
9789052017365
9782035947734
9782845264601
9782268067681
9782070335664
9782940719679
9782092044391
9782092550953
9782747028561
9782080468659
9783829026451
9782215060154
9782379511325
9782374083025
9782501130806
9782747087018
9782356875020
9782742780846
9782259311762
9782234077874
9782016277379
9782075162173
9782017871996
9782702185971
9782012239838
9782234086166
9782100809158
9782877672610
9782234061514
9782213700977
9782352045090
9782732437040
9782759024094
9782036000841
9791097154783
9782258055827
9791032902790
9782259206983
9782020609234
9782330053031
9782259223454
9782743635640
9782889583973
9791028519520
9782848050959
9782915810677
9782844926821
9782350670638
9782889442560
9782370831378
9782234058170
9782740414224
9782843375316
9782869010390
9782754083447
9782365697767
9782226329301
9782912138828
9782234078246
9782715226456
9782215020110
9782070620975
9782746842823
9782330022655
9782211067157
9782842782160
9782714436504
9782412037416
9782755700145
9782081416574
9782700058536
9782862601298
9782070754854
9782889080960
9782080420558
9782021102161
9782213633435
9782081502451
9782100727391
9782072932571
9782843501722
9782749181806
9791032102251
9782732456454
9782355040436
9782385530044
9782807322097
9782035839251
9782369403579
9782917197073
9782816186246
9782330055851
9782010050022
9782021291209
9782072765421
9782070423576
9782848931012
9782505003830
9782072756788
9782355847882
9782851209757
9782215179832
9782732420295
9782226328489
5060201659310
9782080445698
9782752906496
9791030418361
9782745905659
9791022608497
9782844925107
9782745921574
9791095656494
9782081271890
9782911412714
9782267046939
9791022611725
9782749904993
9782378561499
9782355800023
9782221116524
9782362901034
9782709815970
9782840586210
9788832912777
9782017889137
9782211054690
9782897198275
9782017863953
9782330059132
9782877676748
9782711880447
9782747044202
9782818500064
9782716316545
9782213704463
9782813207906
9782850881534
9782889321704
9782021227437
9782841136056
9782889072569
9782800122380
9782715260061
9782709672122
9782080801234
9782246832669
9782848054780
9782072979255
9782368467343
9782265157460
9782234093720
9782919934690
9782759232154
9782804196318
9782846665803
9782877677516
9782211031547
9782296565036
9782228895194
9782858294268
9782082010832
9782267044522
9782092563250
9782841389735
9783829015028
9782352890249
9782362210013
9782344045879
9782916914695
4260650744464
9782410009453
9782848055060
9782246730019
9782732486482
9782226399144
9782714475831
9782266246859
9782911806902
9782070443116
9782020103930
9782700223996
9782360983278
9782379352386
9782844590732
9782818045657
9782081382220
9782070776238
9782357830066
9782213717616
9782092527849
9782226471864
9782367460475
9782213681320
9782246835820
9782745974983
9782412026243
9782731643664
3700664526188
9782501130370
9782072861529
9782070451425
9782749939117
9782290259085
5016488136983
9782745984760
9782330194710
9782330150990
9782708133570
9782218966651
9782700212099
9782278057122
9782957676811
9782842033217
9782070715237
9782226174086
9782019451837
9782259192804
9782745931238
9782211208932
9782910391812
9782020857673
9782867465505
9782211085991
9782754802130
9782070638673
9782211235136
9791040804482
9782206008059
9782215138259
9782092785850
9782843048715
9782843720383
9782702135372
9782348067280
9782732432427
9782748509854
9782745902023
9782246863090
9782211087896
9791036358166
9782290094495
9782246798699
9782385770952
9782845941717
9782070468331
9782221057544
9782745957320
9782871426462
9782013304757
9782715241374
9782746707153
9782747039550
9782378482275
9782260017073
9782072827396
9782367190785
9782702920831
9782081423435
9782352410287
9782080462411
9782701156286
9782021241525
9782850769597
9782251455075
9782218971945
9782744158377
9782408047542
9782073068408
9782746747579
9782234053991
9782842637903
9782283040614
9782356740229
9782759024056
9782226312464
9782709645928
9782841813285
9791030104295
9782258081888
9782234079199
9782362664939
9782841388639
9782211204064
9782207179215
9782709659628
9782603020302
9782415001797
9782263067037
9782749149349
9782295005335
9782731238105
9782749946061
9782862539584
9782203525092
9782714443304
9782070774623
9782211063289
9782261400829
9782743628888
9782081418790
9782840576143
9782378561505
9782370730381
9782286044039
9782745931368
9782700395211
9782811232108
9782305079851
9782381401720
9782380240771
9782299004365
9782357830196
9782355847325
9782810437252
9782013907606
9782914923330
9782213671789
9782260056362
9782203142664
9782266307734
9782382991114
9120080072870
9791025502839
9782749938059
9782744406706
9782384820603
9782605000326
9782253107972
9782020823760
9782092112205
9782850712821
9782812616341
9782260056539
9782259222266
9782850880162
9782416013201
9782754090278
9782226320117
9782221113776
9782842215101
9782702433331
9782017032632
9782310056687
9782263155215
9782080234896
9782081365629
9782211201162
9782361934972
9791032916162
9782742464180
9782344021408
5056208807601
9782384821143
9782081608092
9782850880612
9782268111674
9782709656221
9791037502223
9782844925527
9782355840654
9782330126773
9782344016169
9782203161665
9782226193933
9782215198215
9782355840517
9782080264534
9782130847700
9782372730334
9782898150548
9782070406258
9782362662652
9782080232441
9782812319099
9782501119979
9782740421802
9791092714456
9782226086488
9782358780216
9782020173568
9782848680996
9782246815051
9782296557574
9782877675499
9782709646178
9782361938116
9782358321549
9782221111499
9782330073152
9782745903778
9782749159041
9782234070219
9782756900230
9782310055048
9791027610709
9782011167866
9782912080684
9781838663506
9782072849787
9782702191521
9782709646086
9782262027315
9782919547852
9782745900081
9782080905079
9782070334957
9782268107882
9782365690560
9782210977815
9783829013970
9782714442543
9782020820769
9782702163306
9783895084485
9782361570163
9782380740073
9782879010939
9782072818653
9782215045717
9782220021577
9782710384427
9782268110202
9782081608634
9782246857914
9782737381973
9782226179777
9782211343527
9782258200302
9782844069740
9782075172417
9782913647657
9782080238184
9782226257291
9782211061285
9782350685649
9782246822066
9782823619799
9782729600822
9782749172385
9782381980447
9782755702156
9782848685632
9782072834332
9782358720717
9782732479361
9782013914352
9782226158703
5016488137324
9782012794245
9782363600592
9782714444776
9782021122404
9782013200776
9782218966385
9782889080533
9782816017991
9782035834195
9791023522112
9782745915276
9782875421647
9782916357164
9782020206372
9782841563210
9782737346521
9782383220565
9782246831624
9782745979827
9782360622221
9791027602445
9782081446199
9782035915085
9782290139172
9782366247343
9782709669559
9782830707595
9782020348898
9782732814018
9782020478137
9782738147141
9782040199081
9782278122882
9782035857026
9782831300337
9782215094081
9782080270597
9782714446886
9782344040539
9782263019357
3545020044193
9782761951562
9782876772564
9782363606280
9782226456052
9782823607901
9782317013447
9782749926971
9782877635516
9782815320283
9782862539928
9782359660456
9782259312592
9782267053524
9782705002947
0857126007013
9782253073482
9782728935178
9782732492186
9782709663205
9782377318018
9782412061626
9782205079258
9782914823074
9782749257259
9782221100134
9782020680233
9782081486317
9783314218224
9782211077668
9782889534937
9782358780407
9782221104286
9782740409282
9788870093865
9782358878005
9782213686202
9782897771812
9782900923498
9782754101394
9782221215401
9782213725765
9782382990131
9782263160134
9782040183240
9782012240223
9782378910709
9782702160466
9782340002944
9782380946475
9782353480968
9782379620546
9782081416970
9782226131447
9782081395657
9782889080588
9782283036273
9782013962964
9782744170614
9782817700939
9782012401235
9782226079244
9782761959421
9782226122223
9782017032618
9782905697004
9788832913828
9782213018713
9782365699372
9782845261655
9782021227710
9782211089609
9782218991400
9791032920619
9791030706055
9782702832936
9782258055247
9782226328762
9782226468673
9782226403155
9782846669214
9782745938145
9782080275424
9782072861369
9782352040286
9782259215978
9791090088009
9782072889097
9782413038146
9782299000237
9782493816160
9782073000613
9782810421435
9782295006806
9781409514763
9782081411234
9782877065160
9782013910460
9782846666442
9782702166888
9782228904063
9782317016547
9782378880774
9782227494718
9782809490527
5016488134231
9782246861003
9782745936189
9782353661329
9782743642280
9782350323923
9782383611509
9782702919644
9782246842088
9782213655482
9782259322096
9782221009208
9782258076402
9782226489883
9782330195441
9782221107720
9782841568734
9782290233153
9782845632868
9782702843529
9782266023535
9782361954017
9782749961910
9782253257431
9782246743514
9782283039335
9782383383185
9782226436696
9782603025819
9782754102735
9782841139033
9782070625345
9782226119896
9782228916257
9782842701130
9782075162623
9782350879895
9782378804916
9782246834830
9782757862964
9782756528601
9791091081252
9782362241420
9782889571260
9782732036854
9782212570991
9782711425082
9782246159544
9791028111076
9782352047209
9782226127402
9782742463404
9782731238082
9782226173638
9782263061479
5060760885564
9791032906811
9782383110125
9782731237962
9782035961808
9782850886058
9782368464328
9782280855075
9782759048854
9782842640095
9782221221822
9782221091272
9782415007027
9782253087830
9782035889737
9782221243237
9782732450971
9782708988583
9791091998253
9782221216576
9782246751915
9782880863715
9782875232120
9782756114330
9782743657031
9782012814141
9783314215513
9782226479549
9782372731140
9782848686523
9782709627962
9782823619393
9782714474131
9782234093683
9782259204071
9782715262775
9782867443480
9782211238571
9782290216286
9782809801323
9782745900494
9782070742585
9782732491356
9782209057672
9782930263090
9782700283556
9782017164081
9781474987141
9782221114353
9782912393166
9782013938501
9782844929976
9782226443809
9782745936318
9782290228708
9782383221937
9782732494296
9782700223170
9782365600583
9782211075206
9782911565083
9782370734761
9782749935447
9782365695916
9783836565868
9782228927499
9782290138373
3388330049379
9782203004771
9782848654140
9782246840657
9782035844033
9782268105208
9782700233124
9782954542980
9782226101853
9782017032441
9782412048818
9782021481563
9782361937911
9782020389761
9782352904335
9782207143834
9782070334315
9791022612074
9782070359158
9782324031472
9782501137867
9782702848913
9782378150334
9782211056311
9782226115805
9782383220381
9782221274897
9782841568666
9782259312073
9782821207158
9782203290761
9782869010079
9782737229626
9782075227124
9782877678650
9782226326607
9782818053591
9782714445032
9782493816405
9782842215811
9782204021746
9782848689685
9782218044755
9782732494487
9782702167496
9782221096673
9782848683201
9782310051804
9782080282576
9782070339945
9782266325417
9782211093873
9782035956569
9782356391896
9782207144237
9782350770352
9782246827672
9782258027961
9782290032664
9782081518865
9782265081413
5060264374885
9782070139002
9782227704497
9782246837268
9782019453251
9791040119517
9782330055998
9782876772052
9782747014823
9782298023039
9782360620067
9782714422750
9782363607362
9782355040405
9782877633055
9782755700121
9782081610460
9782702809099
9782350770444
9782226486561
9782330186616
9782211028080
9782745943828
9782215070559
9782745906717
9782843378287
9782874157912
9782361835927
9791038701564
9782330166304
9782366582475
9782017210146
9782035893109
9782380155525
5060528033800
9791020910073
9782344062074
9782749933986
9782378803742
9782707123169
9782330183172
9782234093942
9782867469411
9782259221269
9782226397140
9782211200271
9782072723155
9782266289931
9782382110959
9782203123335
9782070787562
9782841132348
9782745992291
9782370830142
9782259206259
9782702157329
9782849907689
9782742789207
9791092111675
9782350770673
9782258070370
9782845638112
9782213704814
9782072950049
9782352041924
9782369426660
9782745909725
9791032905616
9782246585619
9782906236059
9782843449055
9782370830616
9782259220361
9782365698610
9782295011374
9782882584335
9782818039496
9782036079915
9782743622404
9782745979728
9782710390503
9782226474216
9782203565067
9782226179913
9782815953191
9782252188019
9782702848302
9782412047606
9782756411156
9782740409190
9782352215134
9782700049756
9782130838227
9782267019285
9782081515932
9782879011813
9782203106277
9782246837329
9781407570334
9782745928559
9782909421308
9782940520381
9782889441730
9782234081758
9782244493022
9781801316163
9782221100462
9782731238136
9782913741898
9782226490322
9782709650410
9782228893855
9782226321596
9782267046687
9782080294975
9782915002041
9782840117896
9782721007018
9791028106331
9782017085669
9782844554079
9782213612386
9782847424553
9782850259142
9782386010101
9782700233742
9782218978265
9782258191631
9782370553539
9782080440150
9782752902146
9782265088603
9782845635494
9782234061231
9782846401913
9782879013435
9782013977913
9782211217583
9782246709817
9782738152138
9782706601859
9782203142688
9782743656737
9782746504653
9782842303174
9782408048785
9782080436511
9782081217072
9782298157321
9782742728824
9782700211917
9782203091368
9782221001288
9782081294134
9782917289334
9782353660346
9782732489780
9782732477275
9782211214179
9782749148991
9782226182357
9782745901477
9782709672795
9782350173658
9782226327062
9782740413531
9782352840305
9782218928741
9782228307741
9782081452015
9782348079641
9782377317172
9782017140290
9782878331943
9782226314734
9782265144019
3700664529783
9782492403194
9782315024292
9782075089654
9782226167231
9782226441546
9782020982634
9782412029084
9782744167102
9791032923399
9782081377554
9782035934529
9782365697927
9782212674538
9782738126849
9782317017452
9782266320719
9782360510177
9782757846506
9782368088845
9783314213236
9791091081368
9782330156800
9782266254427
9782070389629
9782841132126
9782081411456
9782845634169
9782035973160
9782215197409
9782258008823
9791093647753
9782913406650
9782234087163
9782731238044
9782914240673
9782330168759
9788830357020
9782848861791
9782382127346
9782373056792
9782841568826
9782743660505
9782330165710
9782702882061
9782369145882
9782912138811
9782408056629
9782258061279
9782879296555
9782910197315
9782711423835
9782226474360
9782732477404
9782228902144
9782754104678
9782330185497
9782709671231
9783836502719
9782366248159
9782365693417
9782017032434
9782369811398
9782246853671
9782714403636
9782743446659
9782848931647
9782352840770
9782809709360
9782354520564
9782858821181
9782067261990
9782267030518
9782020296304
9782374484686
9782879295121
9782707317629
9782278064939
9782358323253
9782363604224
9782246852339
9782218760259
9782070148738
9782013927369
9782211017817
9782756113593
9782850880100
9782305032450
9782234057739
5060201659921
9782714453983
9782070107124
9782850880278
9782889072460
9782809714678
9782213718347
9782226457790
9782330027643
9782020107945
9782700012736
9782246835097
9791040403982
9791029510052
9782220096865
9782843449901
9782130836421
9782895121947
9782700039009
9782356878410
9782912080912
9782378561932
9782363833679
9782330182182
9782080291035
9782745968630
9782845822733
9782010010248
9782702814178
9782742727827
9782218047039
9782226173225
9782807320253
9782213620794
9782226256843
9782211059923
9782344024461
9782383222552
9782344028513
9782072802126
9791021055049
9782073013224
9782700226232
9782867265457
9782744130960
9782204023023
9782376220244
9782226458643
9782383992448
9782841560066
9782072791901
9782218036675
9782070518227
9782745932204
9782350740324
9782324026874
9782742749362
9782732446905
9791037503992
9782226122056
9782352840824
9791096794140
9782360980574
9782080256171
9782246405115
9782700200157
9782950709295
9782246819073
9782412049471
9791030705157
9782702878422
9782081487598
9782013914314
9782844591623
9782226169952
9782013949798
9782070641079
9791023509748
9782290056691
9782211036962
9782368361740
9782213619255
9782897771744
9782203048584
9782364683822
9782290365182
9782340065116
9782080282989
9782081348172
9782260056775
9782823602388
9782756400129
9782260018247
9782742420537
9782723458689
9782213651682
9783314217364
5056280445067
9782408014490
9782847420753
9782271139771
9782350740058
9782818055861
9782218720864
9782207259948
9782355843129
9782800106588
9783829015790
9782749161563
9782353900008
9782350873251
9791039200738
9782877678551
9782841660889
9782714456830
9791034907458
9782911844072
9782234071988
9782840576037
9782081211483
9782100742257
9782818061633
9782907202558
9782357830363
9782350870298
9782211079907
9782010015311
9782742760442
9782330009298
9782850887192
9782734402763
9791024502564
3770017623352
9782408004651
9782709820790
9791034903092
9782226135711
9782352413431
9782742766468
9782211060196
9782246830900
9782211124485
5060690791447
9791038701748
9782215077978
9782702189801
9782732422244
9782709663878
9782266294515
9782258108059
9782268051826
9782363603821
9782812903038
9782842774158
9782738131027
9782738133441
9782828921446
9782749954615
9782383500155
9782915577228
9782259319881
9782748501643
9782914916738
9782246813828
9782917289419
9782246840718
9782702426784
9782378882648
9782017124016
9782844208934
9782234061040
9782226461933
9782234079779
9788869761010
9782226470300
9791020404633
9791022612401
9782754102261
9782226441966
4260252080960
9782353660544
9791025204245
9782210979109
9782415011604
9782213706290
9782213721613
9782358780124
9782226134417
9782070421909
9782412043646
9782368087565
9782889539147
9782748530858
9782070130351
9782226175076
9782075130851
9782221139813
9782092594001
9791032304570
9782742731695
9782330196493
9782267052312
9791091504928
9782352121169
9791028518677
9782745900517
9791037510150
9782817706917
9782226316530
9782070178551
9782877676953
9782021479478
9782266328463
9782914370714
9782816186376
9782848683638
9782012001862
9782917738443
9791037501189
9782211071185
9782355580178
9782211081054
9782372540636
9782408047436
9782709642781
9782277211310
9782754100427
9782092780398
9782738141361
9782383223535
9782745957115
9782848765853
9782844555984
9782340027251
9782895960447
9782246820833
9782351783184
9782386010057
9782378830496
9781405446112
9782845261662
7827096368585
9782080467553
9782737324390
9782012373068
9782211077729
9782809487053
9782221131213
9782747025119
9782367626789
9782017872245
9782897129545
9782877675710
9782070639007
9782234081734
5056635607256
9782742775255
9782369403593
9782259219808
9782067226463
9782253104407
9782379350917
9782877065146
9782211028554
9791090724662
9782491521042
9782353661107
9782354088064
9782253907749
9782360981496
9782211084383
9782278064717
9791023500431
9782850880605
9782330173586
9782290142998
9782017239680
9782246838784
9782330187293
9782378803483
9782211078948
5060264375219
9782823620092
9782408016654
9782844269638
9782754102773
9782020086158
9782848865249
9782840114093
9782866761424
9782092517055
9791034904358
9782017134589
9782021414615
9782755635652
9782268061894
9782211208888
9782812625022
9782012401266
9782070146079
9782715225541
9782818058619
9782363601735
9783829026659
9782130543398
9782702163405
9782383110262
9782246815921
9782731237948
9782350875194
9782213662992
9782867701351
9782366721522
9782081385290
9782866561307
9782363603678
9783314208577
9782747548090
9782211078269
9782700019988
9782848688503
9782213712031
9782246841692
9782246713210
9782378561772
9782263170041
9782010088261
9782487600034
9782714479235
9782070412303
9782809914597
9782226153920
9782716314732
9782259191067
9782226392510
9782851209818
9782070466610
9782020093880
9782362790379
9782384414529
9782408004668
9782021400540
9782350773964
9782330078195
9782374486345
9782267003710
9782211323710
9782713010484
9782226476319
9782081220744
9782844165374
9782081640399
9782253107835
5060760880095
9782714479938
9791030801194
9791026825371
9782882583970
9782940673360
9782259227414
9782072801426
9782020873864
9782266090315
9782749923949
9782925141389
9782221092828
9782070729951
9782841137732
9782739600041
9782857047049
9782740408438
9782731237979
9782035055132
9782262096762
9782080449566
9782067266445
9782067253148
9782228922753
9782841675654
9782092721346
9782912485823
9791035203726
9782218996214
9782080235923
9782842536657
9782843190315
9782259211420
9791032924365
9782815959582
9782070397662
9781405478571
5060528037334
9782020611701
9782845960237
9782740404669
9782070548309
9782710369073
9782212566093
9782081365339
9782213721651
9791032930960
9782226323460
9782844203472
9791033914143
9782205088977
9782719106891
9782246824053
9782412044162
9782080415851
9782879295336
9782700259797
9782743633387
9782754016001
9782211093347
9782215071099
9782035992369
9782070511426
9782905810939
9782736632427
9782842313524
9782218959042
9782378802561
9782035973986
9782355046889
9782253045694
9782709670722
9782352840312
9782263008344
9782283038253
9782080243010
9791028113995
9782073110930
9782857042075
9782260030157
3700664526515
9782259284240
9782955211977
9782213661469
9782809913828
9782379892165
9782266242462
9782754105361
9782221146330
3521383444290
9782846949606
9782361070175
9782370834423
9782375610626
9791023515435
9782841271108
9782075222655
9782746708181
9782268053486
9782358877244
9782226489623
9782904365010
9782212568707
9782221006566
9782081393264
9782709663359
9782070768936
9782848012087
9782701154237
9788875701468
9782702142479
0075597926736
9782846664028
9791042202996
9782704013913
9782846947725
9782017020301
9782910272548
9782211019101
9782246656319
9782724241167
9782745915986
9782380822663
9782807314993
9782368561942
9782856166369
9782213027227
9782266057158
9782761917759
9782732487441
9782909539256
9782324019432
9782213721620
9782907132008
9782416015151
9782709629225
9782352903758
9782366247794
9782070570584
9782809850468
9782355040092
9782211072670
9782487600010
9782848053592
9782234079823
9782265116511
9782855574868
9782082011679
9782348073359
9782709658447
9782246857693
9782850259777
9780714869803
9782709635738
8720256139508
9782401027879
9782807702509
9782020552370
9782894368558
9783822821282
9782744168635
9782867449864
9782092781418
9782823616682
9782858909681
9791032905104
9782731238198
9782226315168
9782260029793
9782401049727
9791030200720
9782745905024
9782413047926
9782070548125
9782700015317
9782295011152
9782215052937
9782353152193
9782360980543
9782707345707
9782930182735
9782268106724
9782851825971
9782841136438
9782844551979
9782841727308
9782862665450
9782246859185
9783314208270
9782226242693
9782749213439
9782878216622
9782035957870
9782377354337
9782234061590
9782913955707
9782263029462
9782091228020
9782211085410
9782259312240
9782226039064
9782343002156
9782848050850
9782731238006
9782377354313
9782035901613
9782260013884
9782876450127
9782019460341
9782714475992
9782203234017
5060760883713
9782749908182
9782845636033
9782268109947
9782350879529
9782017051404
9780345536648
9782732458274
9782278122806
9782355270246
9782234081314
9782375542361
9782232121777
9782298077209
9782841569533
9782213705675
9782365692021
9782842772697
9782020096041
9782841351886
9782072704703
9782259205719
9783829029865
9782036019515
9782246783480
9782862536958
9782226189875
9782340061521
9782732474649
9782330190347
9782213716916
9782021331271
9782226436450
9791022612395
9782036058378
9782351813683
9782302065062
9782818977026
9782737229022
9782258135130
9782850258572
9782906757080
9782374250571
9780805433333
9782841143597
9782350773513
9782847880939
9782362664625
9782095003555
9782748503852
9782350740287
9782081399471
9782749178981
9782810427307
9782246813217
9782877854221
9782824616896
9782879299983
9782353150854
9782815315418
9782914330404
9782259204750
9782360981328
9782013912501
9782913955721
9791023516708
9782868939005
3760156484372
9782879390475
9782035913425
9782911665820
9782737372063
9782740408261
9782227725119
9782226192349
9782748513479
9782353810079
9782262094591
9782070787852
9791028504434
9782876236394
9782266307987
9782745932143
9782360121267
9782756123301
9782737383342
9782809917789
9782368129371
9782709639538
9782266307826
9782363083579
9782070301638
9791028514532
9783314208430
9782373000160
9782072729195
9782816186178
9791028509835
9782358322997
9791032901830
9782707347541
9782854290301
9782877069892
9782020006491
9782218987670
9782817707310
9782745920263
9782130580799
9782262096496
9782841006243
9782740408315
9782907754767
9782366249637
9782707124470
9782840577010
9782816017434
9782916914022
9791028510343
9782070639380
9782714404152
9782862538853
9782035926852
9782908606997
9782360122325
9782740405802
9782746756830
9782259187275
9782344053614
9782823621471
9782842774578
9782385210168
9782213636870
9782246615019
9782382150825
9791021051584
9782073050342
9782487631168
9782100758487
9782385531584
9782848686745
9782914240512
9782843046971
9782378872410
9782365493994
9782700020731
9782747037990
9782035892607
9782221066744
9782226194077
9782501124034
9782258064966
9791023508925
9782221262771
9782815921176
9782747023696
9782709671330
9782330031923
9782259310314
9782882584267
9782877617222
9782379333064
9782265155091
9782874265686
9782813216458
9782738423511
9782072820045
9791035502256
9782226493637
9782702821565
9782889532766
9782385941130
9782228915618
9782305039954
9782226397904
9782383991724
9782916186108
9782262010133
9782913406247
9782353190003
9782845260535
9782732422978
9782871426813
9782740405970
9782363604095
9782848054902
9782846181785
9782867466465
9782075110853
9782816186352
9782732423388
9782745978059
9782841350179
9782913955530
9782211062732
9791036366581
9782734403319
9782070399673
9782492714191
9782848054551
9782882583703
9782353190416
9782702826751
9782745957870
9782905292230
9782021425901
9782916340005
9782410026177
9782081329935
9782882580313
9782081236363
9782218963056
9782130868422
9782491467081
9782080255266
9782211217118
9782213613987
9782226039293
9791032906750
9782330194727
9782267009934
9782211086196
9782841389056
9782092590065
9782210972728
9782253159896
9782366244960
9782213616308
5060690796107
9782915577006
9782912084507
9782749926087
9782867443404
9782234075412
9782898150951
9782302072596
9782253014119
9791095438410
9782851809278
9782809917864
9782262075811
9782843790348
9782278065486
9782290070628
9782714440587
9782299001388
9782748524963
9782374481760
9782080684875
9782809917918
9782070524471
9782702184639
9782277235965
9791091081498
9782737380136
9782221108871
9782804724436
9782258074064
9782376863465
9782912789280
9782305084176
9782215064503
9782919934539
9782743653675
9782744406799
9782841812295
9782501049429
9782913366589
9782756041384
9782268096674
9782809843163
9782246835073
5060264373895
9782211048248
9789463788434
9782234088306
9791029805592
9791069955172
9782350672755
9791034906840
9782845973442
9782732430959
9782868332479
9782841356409
9782075160070
9782702144404
9782384260331
9782073034625
9782080684769
9782246838722
9782221129777
9782080207456
9782352632412
9782226485960
9782954862002
9782821207134
9782889860166
9791040118299
9783822822654
9782246831648
9782234081222
9782211235259
9782382924778
9782818054918
9782207255995
9782080455970
9782358710053
9782912138545
9782081634794
9791095438229
9782370730763
9782809716368
9782253159889
9782070149896
9782370734709
9782013911269
9782081411838
9782732493978
9782227483378
9782246852582
9782228931632
9782701400211
9782070769131
9782203292918
9782915521863
9782226220653
9782738145161
9782412030356
9782262096311
9782265155169
9791090657281
9782841139576
9782850888250
9782361283605
9782036067516
9782749937465
9782302066366
9782262050702
9782915397017
9782262028022
9782035951052
9782846331265
9782035180018
9782226329738
9782744066993
9782745902566
5060206691230
9782246818656
9782246788942
9782350878874
5056208811493
5060690795469
9782824615950
9782259215206
9791036345913
9782070741359
9782040180638
9782740414538
9782709663892
9782811205324
9782040271558
9782754104562
9782305040615
9782732032184
9782234086517
9782737335044
9782818057162
9782841134267
9782228928366
9782226399625
9782100755257
9782352045687
9782363391940
9782377318742
9782012441125
0794881665525
9782070627530
9782081425996
9782415010416
9782745956378
9782919934683
9782842032562
9782234051485
5060264377688
9782265143906
9782262100131
9782757805640
9782930263038
4260650743252
9782253080848
9782070506491
9782360983759
9782749941073
9782330027629
9782815954600
9782804709174
9782702865538
9782081620148
9782082004985
9782912080653
9782266023139
9782700259360
9782809716139
9782258027039
9782889119325
9782738102652
9782092549636
9782258074408
9782841567744
9782848863719
9782213672045
9782743634995
9782810422531
9782867700873
9782213711447
9782742460953
9782020310956
9782258117068
9783314208782
9791029504174
9782379890161
9782226188441
9782723436533
9782842773908
9782263008849
9781838660925
9782017009795
9782878589887
9782321006305
9782221006856
9782818051139
9782745925060
9782266098458
9782863480137
9782355041402
9782355270642
9782709633369
9782736651008
9782840118930
9782268048345
9782843372971
9782844926418
9782365692014
9782260021339
9782709818926
9782226173744
9782211091008
9782211018807
9782264041289
9791040802419
9782877674850
9782081378599
9782817710730
9782221129562
9782916533827
9780751385519
9782867269295
9782203164307
9782738156631
9782080292728
9782266332552
9782226479914
9782075168823
9791023516821
9782940632855
9782218038532
9782381330365
5056280436058
9782360982370
9782213701424
9782245007600
9782380942811
9782913955684
9782847202137
9782364685185
9782749944982
9782749538204
9782013913638
9782211097017
9782361070106
9782810905195
9782738108494
9782848689258
9782081631557
9782816184235
9782246826415
9782702840726
9782843375286
9782226322371
9782011667458
9782916357157
9782754006095
9782724270525
9782010049491
9782378882518
9780586211304
9782075150859
9782070451432
9782907202107
9782211239554
9782360621682
9782360981090
9782381401829
9782744170324
9782226179456
9782258204324
9782360981632
9782740412688
9782851206244
9782286018733
9782262025908
9782908830491
9782744174254
9782492768330
9782812616662
9782749162607
9782070123636
9782702861929
9782744068119
9782364684386
9782747088855
9782895409960
9782740408896
9782749148731
9782258118430
3499550372267
9782100831838
9782040193430
9782234010796
9782367408422
9791034904402
9782889153466
9782844925961
9782910272319
9782330096779
9782841963478
9782268061535
9782738154798
9783314300240
9782226186393
9782501150033
9782844269706
9782221071304
9782266229722
9782259206860
9782226094278
9782855655208
9782290339909
9782375543917
9791021021662
9782849391815
9782330072438
9782701164977
9782930263373
9782075152044
9782732483085
9782264058447
9791020903952
9782758301738
9782330072858
9782258196414
9782818038765
9782745903938
9782910934040
9782070772391
9782745910707
9782874261794
9782228936224
5056635600608
9791032917008
9782711201525
9782889154838
9782330167868
9782807331471
9782266258456
9782843377372
9782228908658
9782237004716
9782732870144
9782378801151
9782070768226
9782745914163
9782221007570
9782749165547
9782840577768
9782213701042
9782221277560
9782258046320
9782360984930
9782070126705
9782362312656
9782719103081
9782278128792
9782234082472
9782940666034
9782869010178
9782070603121
9782732480824
9782501121798
9791030801316
9782012202405
9782748529982
9782265050914
9791032929049
9791032928790
9782075159739
9782092046395
9782081522046
9782259306287
9782259278942
9782907754064
9782843047268
9782752914316
9789462301399
9783314207389
9782914659031
9782709656764
9782877679282
9782021343113
9782745969880
9782824615585
9782745900913
9782494289208
9782020006262
9782226439819
9782200632236
9782742787845
9791036335846
9782211034272
9782709635042
9782330195465
9782740409947
9782072844942
9782246643012
9782501135238
9783314209246
9782841357178
9782226326232
9782226094452
9791020904065
9782809917901
9782226492708
9782702144749
9782330161231
9782745955883
9782234078017
9782732484259
9782410016680
9782848766959
9782207259788
9782253002116
9782350552378
9782221012055
9782709649209
9791032923993
9782744129278
9782021441048
9782080679499
9782844942197
9782213609027
9782709639477
9782221257852
9782258005211
9782100845859
9782081506701
9782877633536
9782379310096
9782912084231
9782081204287
9782745988263
9782757863831
9782234070264
9782370553126
9782263169519
9782803636402
9782816193459
9782226247223
9782867261893
9782864246855
9782246245117
9782330121006
9782234050877
9782915124019
9782268102801
9782226058126
9782714499721
9782344001646
9782092503331
9782603026359
9782226259875
9782377290413
9782847680423
9782490155491
9782070642342
9782204045049
9782226316967
9782207256459
9782846663687
9782211315913
9782343119038
9782080245588
9782012655737
9782100806874
9782382920664
9782211238359
9782211083454
9782221251959
9782246634614
9782702180723
9782378804688
9782234057487
9782245006641
9782017094463
9782211043915
9782368089903
9782017032663
9782813219794
9782298091892
9782365698399
9782850182730
9782364684072
9782246784524
9783038330660
9782737358135
9782370730404
9782246835967
9782070625338
9782867391385
9782381400464
9782416006005
9782344056073
9782810415519
9782377530199
9782749936321
9782745913012
9782753200869
9782378800260
9782912233523
9782841355877
9782017076001
9782226179647
9782259206518
9782737375590
9791028513580
9782021568516
9782737375170
9782365497817
9782918505082
9782732476162
9781549702891
9782073054876
9782864240204
9782840382980
9782897123543
9782246741718
9782075122382
9782330173548
9791022614566
9782330189525
9782358801997
9782358801591
9791022613859
9782847207934
9782013219020
9782415007171
9782812605512
9782258133532
9782385020118
9782036045859
9782080296832
9782211318969
9782816195514
9782840700043
9782816180626
9782816193114
9782253176770
9782070179657
9782073035004
9782816193152
9782816195873
9782816194715
9782816193022
9782816186369
9782816190182
9782816120035
9782816184136
9782816131864
9782816184181
9782816195804
9782816195231
9782253130598
9782073080349
9782816193145
9782070758357
9782070146505
9782073061041
9782253029823
9782253102007
9782253071068
9782253059011
9782253035299
9782262036416
9782377841172
9782366370034
9782824628974
9782841113408
9782266203364
9782021303896
9782262099275
9782490975815
9782368465653
9782021477764
9782843350528
9782020847469
9782263154850
9782709668446
9782709667760
9782081515437
9782840061564
9782745943279
9782918857044
9782757834350
9782940500901
9782017085287
9791027803156
9782889536825
9782823623376
9782378802745
9782930787756
9782817706481
9791033912569
9782840572602
9791032930267
9782302063815
9782742799145
9791036318337
9782035957276
9782745944542
9782302069879
9782080490490
9782330200695
9782848686202
9782848683324
9782370832054
9782744405334
9782898151774
9782844925558
9782848688466
9782848688022
9782363605276
9782382992241
9782382991428
9782302063723
9782290233382
9782263180194
9782370831934
9782368466575
9782095029005
9782021110357
9782848689593
9782848687919
9782226437457
9782408008680
9782081512740
9782080232434
9782080257871
9782080244130
9782081514508
9782081422353
9782906922037
9782070537129
9782816185478
9782012434370
9782848682914
9782501175623
9782889357888
9782226476395
9782906922044
9782378881474
9782259316019
9782363608659
9791028510312
9782709669283
9782912789259
9782918799931
9782359810967
9782295005557
9782362315060
9791032923597
9782226444837
9782021420081
9782263152719
9782360621767
9782226497161
9782226328755
9782815314770
9782330027599
9782330166311
9782361838935
9782246832324
9782709642903
9782021174267
9791039200165
9782258093737
9782092555712
9782092588048
9782203020160
9782226469786
9791035205447
9782384924370
9782757848234
9782260057147
9782226445605
9782294767067
9782246830030
9782226441898
9782709671309
9782702188507
9782355847950
9782383220176
9782809800340
9782021455670
9782709626576
8718591188091
9782203007802
4260558699538
9782017042761
9782844555465
9782221268124
9782226221438
9782330022617
9782733824252
9782302071391
9782302072886
9780542123337
9782221254455
9782226437242
9782745937384
9782218996412
9782745922878
9782100743551
9782226329370
9782745931580
9782846662697
9782226186362
9782226400987
9782226396716
9782226397539
9782226460684
9782226483638
9782317022746
9782378881436
9782733877432
9791039536059
5060760888442
9782266269940
9782378760526
9791091330152
9782295013958
9782070771509
9782702140635
9782354089863
9782080411853
9782017195962
9782746511033
9782226494818
9782749164458
9782907202701
9782226448040
9782368127070
9782743637507
9782383231134
9782070146420
9782702446317
9782702434017
9782807369757
9791095718901
9782012920682
9782501146944
9782367310251
9791022614641
9782879298184
9791040804260
9782070786060
9782227502925
9782747015028
9782747014458
9782747015035
9782747010818
9782747015080
9782871425328
9782363604620
9782227738935
9782747048040
9782373950861
9782081409040
9782816017328
9782227729667
9782360987214
9782081625686
9782747007733
9782840119036
9782092576205
9782092548462
9782092575291
9782410004144
9782701198965
9782700239348
9782700229165
9791026815594
9791027102037
9791095274148
9782408008253
9782246835493
9782227716025
9782227716094
9782227716131
9782227756038
9782246698210
9782246688310
9782749943060
9782818059913
9782283035092
9782283034682
9782283033982
9782283040768
9782410016550
9782701182506
9782410025972
9782283036150
9782283032497
9782283031155
9782355842849
9791028503352
9782410017861
9782017863861
9782410016864
3700664530413
9782701131870
9782702161661
9782701182643
9782227500914
9782366247749
4260650740831
9782070576241
9782330109288
9782355848957
9791021064430
9791028113438
9782021549768
9782021470079
9782226440778
9782848055718
9782865353354
9791021056237
9791021044371
9791021056725
9791021047655
9791021038028
9791021040533
9791021037359
9791021047778
9782709659802
9782752914927
9782271149664
9782035986900
9782374480749
9782709669917
9782378880798
9782879293509
9782809823639
9782305090054
9782743665494
9782352047537
9782075201018
9791037511898
9782494797123
9782840114833
9782706602221
9782213716558
9782408008963
9782234076365
9782714450029
9791093433080
9782408007652
9782848230054
9782877673679
9782851809780
9782823621518
9782226445469
9782226475534
9782848355436
9782081420809
9782915002430
9782036049253
9782080427977
5060968301316
9782080439048
9782357207141
9782070578658
9782359909760
9782877675888
9782283026489
9782205028386
9782824608419
5060146468893
9782702139080
9782702137956
9782907293174
9782283022573
9782702141014
9782702153925
9782283032244
9782283034071
9782283020616
9782702143254
9782283030226
9782702144671
9782702130278
9782702141083
9782366246933
9782283035931
9782702155271
9782283033395
9782702159576
9782366243536
9782702141236
9782702141106
9782702141335
9782283026472
9782702142554
9782283036051
9782756086552
9782749310220
9782918645658
9782260056218
9782221253724
9782878332452
9782878334081
9782878330731
9782378624095
9782878331677
9782824619439
9782824637655
9782824621494
9782824613789
9782878334050
9782878332537
9782878331745
9782878330762
9782080439086
9782749174433
9782080238580
9782100806690
9782749925172
9782878335309
9782271151780
9782271089281
9782749174501
9782749174150
9782221270851
9782848689470
9782092511091
9782271051677
9782271054227
9782222047681
9782271051912
9782271055002
9782234093706
9782246841203
9782981591258
9782848686288
9782841354696
9782211091312
9782732494418
9782884809597
3760328370472
9782363606693
9782848684468
9782382991404
9782848687971
9782363604835
9782234081185
9782246835172
9782363083302
9782715258839
9782408029012
9782924645574
9782749917832
9782955893722
9782877674232
9782355221224
9782382845882
9782036005976
9782350878898
9782072853555
9782072746024
9782070466290
9782070450152
9782070466313
9782246785699
9782226328403
9782075223034
9782017220343
9782221254240
9782384860098
9782035945402
9791021048003
9782226475459
9782363605771
9782363605092
9782264074058
9782743666095
9782070572991
9782035927354
9782226437334
9782234054301
9782816194739
9782283037898
9782374484181
9782758805717
9782378561918
9782910391744
9782290234785
9782020867948
9782385290160
9782215168331
9782047400319
9791039519601
9782752914194
9782352631682
9782203123892
9782733805824
9782733805794
9782211336031
9782700049190
9782492768248
9782359909845
9782381222394
9782330022242
9782372731010
9782383496199
9782917637364
9782075198233
9782889082377
9782080426208
9782747023061
9782278130955
9782278125296
9782930938646
9782358711579
9782278081905
3701432022956
9782383230373
9782382990575
9782848682433
9782848682921
9782848681818
9782877679725
9782700031539
9782035913579
9782080690173
9782207248522
9782207124369
9782207165355
9782207132128
9782207108802
9782207164402
9782207255797
9782207136829
9782207163689
9782207253359
9782207258934
9782207165508
9782413039990
9782889830466
9782848681535
9782080447838
9782067251052
9782366249644
9782081404564
9782384923625
9791029805639
9782812908422
9782100831821
9782080423962
9782363607348
9782382991992
9782709645805
9782745925022
9782081626737
9782813229373
9782075157247
9782745940926
9782067253360
9782877678865
9782742734719
9782740421796
9782709638180
9782221259061
9782350688664
9782848654201
9791033907688
9782360841820
9782377315970
9782378624996
9782021427639
9782370834348
9782747029889
9782408053383
9782846669528
9782846662147
9782378286989
9782843795503
9782846669641
9782840114819
9782840574217
9782207135570
5056280417316
9782352045939
9782816192681
9782213720784
3760156484822
9782234083738
9782905212863
9782355843020
9782383231264
9782363604217
9782416008085
9782383230335
9782848684116
9782278070329
9782226451545
9782749184951
9782378881184
9782203091818
9782212564716
9782382847510
9782383231707
9782383231608
9782370835178
9782383231660
9782412026274
9782246831792
9782070622689
9782021065008
9782709661508
9782408042561
9782211232678
9782246860761
9782246816478
9791092111064
9782816186031
9782017067641
9782016267509
9782012406612
9782019125080
9782017888000
9782012456600
9782012445079
9782016266694
9782012451094
9782012453104
9782012451469
9782017188001
9782016266670
9782017067696
9782016293348
9782246835844
9782375640272
9782700041033
9782226398932
9782368463253
9782501161923
9782415006143
9782709666084
9782408038113
9782317036552
9782246839026
9782072694073
9782067251083
9782382112564
5056635608093
5060997483496
9782226465382
9782213702018
9791028516758
9782266306553
9782738148810
5056635601032
9782848681689
9782211201155
9782848681832
9782070518555
9782211209793
9789037456585
9782846663427
9782844923806
9782846663731
5060968303211
9782370833778
9782731624724
9791030703658
9782298063134
9782365699471
9782846669290
9782283037140
9782413078944
9782351783658
9782757898918
9791041415397
9782020949286
9782351782798
9782757878101
9782020901703
9782246819875
9782846663991
9782846669283
9782370830401
9782846669436
9782846669597
9782846666572
9782370833228
9782848689906
9782843797712
9782363602282
9782846666374
9782383230212
9782383230137
9791035209308
9782385771867
9782370834218
9782363605856
9782379320231
9782363604811
9782812627873
9782075211864
9782844927033
9782752911636
9782901096627
9782844924698
9782370832962
9782840575993
9782848680774
9782732489117
9782709668613
9791036328824
9782035996770
9782356742162
9782234060852
9782745956934
9782364746695
9782226443038
9782344069080
9782221251614
5056635615343
9782820347107
9782211236669
9782747071512
9782848687810
9791040114420
9782226496997
9782408019938
9782226489951
9782385070274
9782267023831
9782246835455
5060690793229
5061005355699
5056208815262
4262460628958
9782850884320
9782850885310
9782850888403
9782205204575
9782081602403
9782849902981
9782226318398
9782072956157
9791035208851
9782369021506
9791034907205
9782603029626
9782234086173
9791034900459
9782263173684
9782344052792
9782344018729
5056208804327
4260650745683
9782487149298
9782369021988
9782244491141
9791040805496
9782070417223
9791036387654
9782882584915
9782232147906
9782363392350
9782709656931
9782246827658
9782408031596
9782330012601
9782067169173
9782493865014
9782012406209
9782226469847
9782360983711
9782203123397
9782226464743
9791023518115
9782017225164
9782265099203
9782226465405
3459379410397
9782021318494
9782021454901
9782808200028
9782259263344
4015918147293
9782211069984
9782862664798
9782354010164
9791034905102
0190759100127
9782081610309
9782354137298
9781801315654
9791040112785
9782203281332
9782378803490
9782762146844
9782203293533
9782070326211
9782036062764
9782384534661
9782278131075
9782226494764
9782874265044
9782226478368
9782226469656
9782226492050
9782226474902
9782226475565
9782226481337
9782226229779
9782226441003
9782226461513
9782226238429
9782070548194
9782878339727
9782070548200
9782070649280
9782378624668
9782075089609
9782070596799
9782878331349
9782070554911
9782878333589
9782070519231
9782075074292
9782286064815
9791022612944
9782702169131
9782378761813
9791032927373
9791023521016
9782702160183
5055957703585
9782226508102
9782819506959
9782817707921
9783822830963
9782360983506
9782915810646
9782234069282
9782898360183
9782258211537
9782368291979
9782732497532
9782213716541
9782358876797
9782246722410
9782745911278
9782709668439
9782091249209
9782747043991
9782267028782
9791034911660
9782732494944
9782889075706
9782246723912
9782749962436
9782207179772
9782365696944
9782843793479
9782843795725
9782067255616
9782848681276
9782848681528
9782848681696
9782376660477
9782874265358
9782848689814
9782070787661
9782092573624
9782070308606
9782226439208
9782848051918
9782211087391
9782363606228
9782848685182
9782370834171
9782283033722
9782370834140
9791026903956
9782075129626
9791028524807
9782841352678
9782355270925
9782846669603
9782021541724
9782080490292
9782264043573
9782021077209
9782408041236
9782221255025
9782889115198
9782258195585
9782810205301
9782848056029
9782017889731
9791028536305
9791023515916
9782203296152
9782889860401
9782215194309
9782075227858
9782330139308
9791023509694
9782374081090
3344428027902
9791095743590
9791095743323
9782757878811
9782355848315
9782017280194
9782368361627
9782383231714
9782324037283
9782221241660
9782012903807
9782021212853
9791035206536
9782412034651
9782264069412
9782367468167
9782367466729
9791034765935
9782330078232
9782268112763
9782702195444
9782715267053
9782702191354
9782864246879
9782330081744
9782501125574
9782265155619
9782412056073
9782487606234
9782413011002
9782846668347
9782221265970
9782072889462
9782215176121
9782330161293
9782355842948
9782344010761
9791037106155
9782221263228
9782375610824
9791070061701
9782370834256
9782846663786
9782757833544
9782368334935
9782212677843
9791040805106
9782807701779
9791026100959
9782908228502
9782266295857
9782816195545
9782501154079
9782745953629
9782848051734
3453270028378
9782246828051
3760156483115
3700664524221
9782363608451
9782844926890
9782258101074
9782017042877
9782263154072
9782226245366
9791028503321
9782848768861
9782816194890
9782378802394
9782843379901
9782752914835
9782709661607
9782370831392
3660485980043
9782742464333
9782742463114
9782742466221
9782742464241
9782742463084
9782742464869
9782070768523
9782915810349
9782368903322
9782348045882
9782081248571
9782384920365
9782221195758
9782352049777
9782733891278
9782812927836
9782035983886
9782330202873
9782818977170
9782380823011
9791038703650
9782490138661
9782844925596
9782253107828
9782848689692
9782246806622
9782035859167
8720254990682
9782842638122
9782226396303
9782848685830
9782846664172
9782246833574
9782416017124
9782213733999
9782408057480
9782732497464
9782748514230
9782360981694
9782416019029
9782877675185
9782081611924
9782234061132
9782355746536
9782070624720
9782745931757
9782234095717
9782206008042
9782901096924
9782863744987
9782850610639
9782021500325
9782080433244
9782226317193
9782218987687
9782413045984
9782262084530
9782809917925
9782916637068
9782848689289
9782080472366
9782743800277
9782494797260
9782017138204
9782701195063
9782075165211
9782843045899
9782408055752
9782363606303
9782709665407
9782848688039
9782211305723
9782732478012
9782846948760
9782848689142
9782368127278
9782215194958
9782370833891
9782840576358
9782091249223
9782075185226
9782707349101
9782259217309
9782259319805
9782259320993
9782259322560
9782259229463
9782259211413
9782259219754
9782363601421
9782702809686
9782363605917
9782844929167
9782846667081
9782081375956
9782363606273
9782846667210
9782846665643
9782843792687
9782846667678
9782226463364
9782846668323
9782845975019
9782753578210
9791032926659
9782385700683
5060264377503
4251809523641
9782384820924
9782847340518
9782234057500
9791030704501
9782408012649
9782226451798
9782021594782
9782262112301
9782378802844
9782350872766
9791034904907
9782211225885
9782203295674
9791090278547
9782012921016
9782742771905
9782310016728
9782709669436
9782221107997
9791036309182
9782226496720
9782070773336
9782807701090
9782408008017
9782745991409
9782501161947
9791028513047
9781835403310
9782375021262
9782901096696
9782382848074
9782203143487
9782848681320
9782846662437
9782080474643
9782203102255
9782203240353
9782073065056
9782848687216
9782203107373
9782203110724
9782848688152
9782382991022
9782203146754
9782743615796
9782375543078
9782364686878
9782213731179
9782364452282
9782246797555
9782951895256
9782940673803
9782352895794
9782226499820
9782360982660
9791030102147
9782702166727
9791033516958
9782298175141
9782810012244
9782366400342
9782757603116
9782493816528
9782080423030
9782844928504
9782840117940
9782370834515
9782840119968
9782363600912
9782368360736
9782846668989
9782846946544
9782848682297
9782823619591
9782203356450
9782364686601
9782330188764
9782748530643
9782351782231
9782010195631
9782021534085
9782410022988
9782840576051
9782812907845
9782246826828
9782100858682
9782215181972
9782701154923
9782844924414
9782383230014
9782745904966
9782211050173
9782013942706
9782352632641
9782211026758
9782841135790
9782019462314
9782707317667
9782731216516
9782878582017
9782075135634
9782081451537
9782413025108
9782344054147
9782379320361
9782221191316
9782732499192
9782413028789
9782226475084
9782226481894
9782370833150
9791039539630
9782211073806
9782842216078
9782330048815
9782743628277
9782203290594
5060314991079
9782848688169
9782841113200
9782070122462
9782366246308
9782075163057
9782017021612
9782081421110
9782745925848
9781409502760
9782021575958
9782848687322
9782378800635
9791095184706
9782725614106
9782725621371
9782211305709
9782702442371
9782744119323
9782745992178
9782488275057
9782352894117
9782749108346
9782408050429
9782021560084
9782221271308
9782818059814
9782075075244
9782080420657
9782738114174
9782494591127
9782408045388
9782501122801
9782070783809
9782221220825
9782363601209
9782352891437
9782745967589
9782810206742
9782377316724
9791040804789
9782302090422
9791040807353
9782355848940
9782226325143
9782732489483
9791027608478
9782889082193
9782211331357
9782226501257
9782278130986
9791097407612
5056635600264
5056635601650
5060690795612
9782226401533
9782378805371
9782355582134
9782889860432
9791026900504
9782901096733
9791026901471
9782901096917
9791026900306
9791026901648
9782378281182
9791026904021
9782901096726
9782378281113
9782700283761
9782017181323
9782278062393
9782278070336
9782278049462
9782747025133
9782745902092
9782841811083
9782246821038
9782017225836
9782070178001
9782363604231
9782816195675
9782849393048
9782810208104
9782824616377
9782840577850
9782846949330
9782840576983
9782840119074
9782844924056
9782844927644
9782844923622
9782816191677
9782383231028
9782844927231
9782840119890
9782844924506
9782846668194
9782246852407
9782350175911
9782363606655
9782840576150
9782072741319
3760156486499
9782863748619
9782371265264
9782844924353
9782846948739
9782846669566
9782844925091
9782253141709
9782213720685
9782213635309
9782863745106
3010000013716
9782841114429
9782200279837
9782843793004
9782260052975
9782330186609
9782330173746
9782330136734
9782330169046
9782494797253
9791032303405
9782246715917
9782845634275
9782265154957
9782360754823
9782742767830
9782382992067
9782848684635
9782383230571
9791026900870
9782412035443
9782017101192
9791035406295
9782408043384
9782714445872
9782246741817
9781908025067
9782212566703
9782747038928
9782747029896
9782878333527
9782747052573
9782889080182
9782266222587
9782212143294
9782363607409
9791091180535
9782848682280
9782715263505
9782931105399
9782205089813
9782073056979
9782317013027
9782707320759
9782266205047
9782226494887
9782283038697
9782081362147
9782714445070
9782384821105
9782709675178
9782702917282
9782246813095
9791034768585
9782848685625
9782363608376
9782490138418
9782889730094
9782846949620
9782848655352
9782738145079
9782363601216
9782369021629
9782080450425
9781474958820
9782847202243
9782234085015
9782745981615
9782012248588
9782067257320
9782352895763
9782714404190
5060540770851
9782080462503
9791032905913
3760328371394
9782876918009
5060997480235
8436016711234
9782816192506
8437020062145
5056208806079
9782067198319
9782368361634
9782723462600
9782352892816
9782080111210
9782408018061
9791040802273
9782745935373
9782816012613
9782080457646
8436016711357
5060188673538
5055957703196
3700664530833
9782263190094
9782915124033
9782080435064
9782818049679
9782810201068
9782092574515
9782075138543
9782386690433
9782823607949
9782369021964
9791034903696
9782818054765
9782809811278
9782221276112
9782211234917
9782215162322
9782413038702
9782370832528
9782490975716
9782075196505
9782501149860
9782075136723
9782745926012
9782840119425
9782384922307
9782266344586
9782701141213
9791036359903
9791036316432
9782884450355
9782894354100
9782227493810
9782036091979
9782070140718
9783314219504
9782378803018
9782378880194
9782363604675
9782844928535
9782404080628
9782351787762
9782351788981
9782365497480
9782877676298
9782211216227
9782745971845
9782246835035
9782203168626
9782370551931
9782020992855
9782370735607
9782823602906
9782226258311
9782757810033
9782020669542
9782757806579
9782757838044
9782757808993
9782757892848
9782757869406
9782757885406
9782020787468
9782757891629
9782020060608
9782757896549
9782757855256
9782020800327
9782020289276
9782757885123
9782757886496
9782757838471
9782757884966
9782757841754
9782757892886
9782757860816
9782757871638
9782757849125
9782020252607
9791041415632
9782757882887
9782757882719
9782757873656
9782757804742
9782020253109
9782757840023
9782757895719
9782081343870
9782355848124
9782070659517
9782755687064
9782755693515
9782755648652
9782755695106
9782755684629
9782755623604
9782755633269
9782755641028
9782755688993
9782755685923
9782755624892
9782755695212
9782755635683
9782755639292
9782755649420
9782755635560
9782755697902
9782755671766
9782755635508
9782755689662
9782363391186
9782381400181
9782070668489
9782205089691
9791023501513
9782702191323
9782130838241
9782330167790
9782733888728
9782911013614
9782708958593
9782745959133
9782262072872
9782317024344
9782743648282
9782080488022
9782226392305
9782745959812
9782700252552
9782344062340
9782354191139
9782700231977
9782075223645
9782344062128
9791023515411
9782745918055
9791022610216
9782715253698
9782742454747
9782702451076
9782848681399
9782848862903
9782385770853
9782221100547
9782258072886
9782017279860
9782226472717
9782226493071
9782070573752
9791028522964
9782259322355
9782234096868
9782258191976
9782378562588
9782809918281
9782226483812
9782305042534
9782067257030
9782246838586
9782384924806
9782221282878
9791034770366
9782385611378
9782413088547
9791040118862
9782344052358
9791033517146
9791034758753
9782749907499
9782487858107
9782848689562
9782707348852
9782080243447
9782072696800
9782012408180
9782211061988
9782070178391
9782081373167
9782013911214
9782844554932
9791035203658
9782745956484
9782368361962
9782844208941
9782364746978
5060522099154
9782375783153
9782263161636
9782092558652
9782408052300
9782211304740
9782278097623
9782215173632
9782408024956
9782211309363
5060540771773
9782501161961
9782211239455
9782215158431
9782384822072
9782366370492
9782278130771
9781474960892
9782017156659
9782344055038
9782215186229
9782226489517
9782368129425
9782370834065
9782370831736
9782258212381
9782702185261
9782340084230
5056635619297
9782745961228
9782709670661
9782754836364
9782812907876
9782384820641
9782732481272
5061078711040
5056280417545
8424365729758
9782226241405
9782749905013
9791038702790
9782818064924
9782246856085
9791036355523
9782246838425
9782226470461
9782882583499
9782603028216
9782081350618
9782365697224
9782203036680
9782369147404
9782330132910
9782812614477
9782917738108
9782360983704
9782266285230
9782367360669
9782501124133
9782213721743
9782246824992
9782846948050
9782845822290
9782020015370
9782080469151
9782081421622
9782226488046
9782070785032
9782351782996
9782017196204
9782355047350
9782378881856
9782490253777
9782368362488
9782075130875
9782221250297
9791021040298
9782226479860
9782211090193
9782376680437
9782080207340
9782246828648
9782070337569
9782840119623
9782265099371
9782226478313
9782958211905
9782754104326
9782844780775
9782035866004
9782816179699
9782352904076
9782211076883
9782745969682
9782408012502
9782021483048
9782809717266
9782226312778
0075678166822
9791036303500
9782845269804
9782714436092
8718591187322
9782378804534
9782213671062
9782889324255
9782246841449
9782709666220
9782246831983
9791021022355
9782745921024
9782205077025
9782020639354
9782226324078
9782092593981
9782732491882
9782385294540
9782264058256
9782013230032
9782702908860
9782702814130
9782894355060
9782095021405
9791032930816
9782213596495
9791026904038
9791026903925
9782901096603
9782278078059
9782072980725
9782816195538
9782278100620
9782487412125
9782487412200
9782265156661
9782882508058
9782369022008
9782370832757
9782226398673
9791040409724
9782092576076
9782091249230
9782382990414
9782213726489
9782226479471
9782815935999
9782879295312
9782804183271
9782266258968
9782305041933
9782017181224
9782702868607
9782070128372
3760156484365
9782067181106
9782021001525
9782221264461
9782330072650
5060236965721
4260650741166
9782330022464
8720256139256
3700664526737
5060146467605
9782213721064
5060760884710
9782812904035
9782017156604
9782215173618
9782234084230
9782352902072
9782930938493
9782709645706
9782844924858
9782221286654
9791040809326
9782408019860
9782889571017
9782369819974
9791035304072
9782916561073
9782350670423
9782877676083
9782047400593
9782745911056
9782047400302
9782234060876
9782702135365
9782381401775
9782267046649
9782357150065
9782075217132
9782732490991
9782012248465
9782260056515
9782408038779
9782702832592
9782067250864
9782743669102
9782848113197
9782846822770
9782820344113
9782758303251
9782862539591
5016488135597
5060760884055
5060760885908
9782370554642
9782072967504
9782221157305
9782384924059
9782749177892
9782803672240
9791095397106
9782017258445
9782408027315
9782807701212
9782226243980
9782226460325
9782081425699
9782493816917
9782203232471
9782415007508
9782745955968
9782493206640
9782879295794
9782847422313
9782383230038
9782743638627
9782260056980
9782012408210
9782215183167
9782368128046
9782810202676
9782732490632
9782412064771
9782213726557
9782211218306
9782080427298
9782749963112
9782808215626
9782749309774
9782383223627
9782330097141
9782070632688
9782080455963
9782283037041
9782067250833
9782816194845
9782368361450
9791036313905
9782067253483
9782365691864
9782368129296
9782840114642
9782260053217
9782258212039
9782352895077
9782757841075
9782260056867
9782268110844
9782067247246
9782072928963
9782749536675
9782221253038
9782072958397
9782073036896
9782072797392
9782073119087
9782363603791
9782265093720
9782487600157
9782818061435
9782844922618
9782408016234
9782344048030
9782408031404
9782845637269
9782070784097
9782226473301
9782080440587
9782370831088
9782749173955
9782914923125
9782330080310
9782738134295
9782494954649
9782378910938
9782081601116
9782354134884
9782017197607
9782816193138
9782370832351
9782226464736
9782367602851
9782361933371
9782378882853
9791023511468
9782081444218
9782305075235
9782370831415
9782809846423
9782259010399
9782211082334
9782844552808
9782368292198
9782848654911
9782877677080
9782211316644
9782226189660
9782877673846
9782226392039
9782296140257
9782732470214
9782100789504
9782226188540
9791091081726
9782324033919
9782330009625
9782352890072
9782278130863
9782075152532
9782354520182
9782091932293
9782017890058
9782756079318
9782488581011
9782021596021
9782493816856
9782354883058
9782745995766
9782840116776
9782840116585
9782702451236
9782840062271
9782211337151
9782073123275
9782379323003
9791026901815
9782816195224
9782843793165
9782070364688
9782843374708
9782742464821
9782213705064
9782302062917
9782081421769
9782246824916
9782379320897
9782379320354
9782258108035
9782749963129
9782070357130
9782070616466
9782070592562
9782075090124
9782070656851
9782070568147
9782070665914
9782075126137
9782075209304
9782070654741
9782070666966
9782370554451
9782384822737
9782246670124
9782743667924
9782081366558
9782733827727
9782226481177
9782017008309
9782203218970
9782701125053
9782203124417
9782918857037
9788832915372
9782383231202
9782363608024
9782211211970
9782365697002
9782490102396
9782375024256
9782226439420
9782863744475
9782749947198
9782070179671
9791032102381
9791026901501
9791026907695
9791030706833
9782070142040
9791032921494
9782824613925
9782749105581
9791030103861
9782401051799
9782925347408
9782070631353
9782355581731
9782378880576
9782234091108
9782378880729
9782871426905
9782012276345
9782745956064
9782021084658
9782203013315
9782378881450
9782877679480
9782709661874
9782408042844
9782382991527
9782366370980
9782383230359
9782840575078
9782490138852
9782416008795
9780245507878
9782487819849
9782207131640
9782067255869
9782080453518
9791032909294
9782756072678
9782258082267
9782070498451
9782258067059
9782258071681
9782072960437
9782258074569
9782258049598
9782258056381
9782258070738
9782258053755
9782258085039
9782070748150
9782258062351
9782258062702
9782258090507
9782258076426
9782258080980
9782073060532
9782258089174
9782258093089
9782258079243
9782258079960
9782258054172
9782258049994
9782258064713
9791091472074
9782344033449
9782298081862
9782330090517
9782226491718
9782355842955
9782350003016
9782745955005
9782823621433
9782749183312
9791036000454
9782226482983
9782385295172
9782265155251
9782370735577
9782253940890
9782350873008
9782810200733
9782822237789
9782075136433
9782075133616
9782278128617
9782416014529
9782070371617
9782070469376
9782278128631
9782226328601
9782374483610
9782709673709
9791032408124
9782841876051
9782378883126
9782020918183
9782408031640
9782732480725
9782756062105
9791023519464
9782803631001
8718591186974
5060760883348
5060968303341
9782711426171
9782408033064
8718591185892
9782356741882
9782809850420
9782278056736
9782215179641
9782505078647
9782351814123
9782749945569
9791026900535
5051889625117
9782874263620
9782080469106
9782702189856
9782366370836
9782749256351
9782754083577
9782809846973
9782754005968
9782317023958
9791039554589
9782324032455
9782412064245
9782205089622
9782081439511
9782408012915
9782408019150
9782211203876
9782745964977
9782745931382
9782377318155
9782408018412
9782749948621
9782410005240
9782221247884
9791040110910
9782047359655
9782377313150
9782378882730
9782878335347
9791039557238
9782211236522
9782047358597
9782021527001
9791040806998
9791035301941
9782701137438
9782877676076
9782363601650
9791097150686
9782092534533
9782266246446
9782080472984
9782019453732
9782743627263
9782709675048
9782877065634
9782709667807
9782809853100
9782370210791
9791022615068
9791038704114
9782369811954
9782840115380
9782702168509
9782816195293
9782330139346
9782283026441
9782283024775
9782845821767
9782379321436
9782363608208
9782203238848
9782370830302
9782234083479
9782840115038
9782298076745
9782221256756
9782381400655
9782350688404
9782749962061
9782092584415
9782379323157
9782211349048
9782843375439
9782494182318
9782924645024
9782330208967
9782363601001
9782363607386
9782363608680
9782408050757
9782075236140
9782823621150
9782253093060
9791040120599
9782253040477
9782383110408
9782754835084
9782211302357
9782878334234
9782211091442
9782211234788
9782408037505
9782211238038
9791040807179
9791095316336
9782842184896
9782021094053
9782213731773
9782384920433
9791037513151
9782221277096
9782889442485
9782365592888
9782710376354
9782368361436
9782213734156
9782810438198
9782848683614
9782844924209
9782810431847
9782211315562
9782367345604
9782840577324
9782368128367
9782212571240
9782226488466
9782374484310
9782363607249
9782746702653
9782362210921
9782330166274
9782812622298
9782215167631
9782081353770
9782330108915
9782211095532
9782215178118
9782072988110
9782211325615
9782702182840
9782330216122
9782221285039
9782253086253
9782258211568
9782234094048
9782070615971
9782742463657
9782907754071
9782822239974
9782211207867
9782378880545
9782378880897
9782211207843
9782226246998
9782413077718
9782803634767
9782080427915
9782709647465
9782259227919
9782221280850
9782203171473
9782377318766
9782020990400
9782494797291
9782732490663
9782012245532
9782012245563
9782203223615
9782259310123
9782378804602
9782812621246
9782378911751
9782266222372
9782379324093
9782379322600
9782382992074
9782490138760
9782379322631
9791023506648
9782490138807
9782330124397
9782365694216
9782215176084
9782366537093
9782036016651
9782360620722
9782360620265
9782915262995
9782226486912
9782221269305
9782080246714
9782080459879
9782490138692
9782363603685
9791026907091
9782748526707
9782073010346
9791090566538
9782384822560
9782408060435
9782344042526
9782253181231
9782371049086
9782732433493
9782203160194
9782700013849
9782354886417
9782215164845
9782352630203
9782070652617
9782745946447
9782742777723
9791036305160
9782733877807
9782234097674
9782203137318
9782072874352
9782352896197
9791039554602
9782848010922
9782072898785
9782266296267
9782075159159
9782070729869
9782754800167
9782379320460
9782205075663
9782351786291
9782351782217
9782258212299
9782207177082
9782749950204
9791022613330
9782258210714
9782330209247
9782350870830
9782258095212
9782913555174
9782383991366
9782368128084
9782073123633
9782844924612
9782253006985
9782067253452
9782095003302
9782017140061
9782732496665
9782745974891
9782408037895
9782714460677
9782080420909
9782211302906
9782070780983
9791035206789
9782351781548
9782262100735
9782226485618
9782745969736
9782072886959
9782745968692
9782017181088
9782742741533
9782812940910
5060690792475
8720153839884
9782756422428
9782268110875
9782350872544
9782848658933
9782386431074
9782702191408
9782745963468
9791028304157
9782035986986
9782211332378
9782352411635
9782211304009
9782211214247
9782211239820
9782877676793
9782352413004
9782877679954
9782211214261
9782877676410
9782383496205
9782211309264
9782877678704
9782877675482
9782211205184
9782378883072
9782211335164
9782352412441
9782378880231
9782075101066
9782211231459
9782352415138
9782924645611
9782211316613
9782350672779
5060760880804
9782324026942
9791026403821
9782745969637
9782021470413
9782073129918
9782246826552
9782745979100
9782075115346
5060264372775
9782211321419
9782226437174
9791040122531
9782330092597
9782211233088
9782211219716
9782211219655
9791036374241
9782745988249
9782370490742
9782758804253
9782266252782
9782846222617
9791023505382
9782383230564
9782226325730
9782283035825
9782221267684
9782351781968
9782702169032
9782738145673
9791033920038
9782080467065
9782603028612
9782367468815
9782092717097
9782211223003
9782702185292
9782385772017
9782226400260
9782211210966
9782745965189
9791039512671
9782211304337
9782211083355
9782211319348
9782491521028
9782372731164
9782745978691
9782080256805
9782234092471
9782378804503
9782889441853
9782290250105
9782226442963
9782070744831
9782330155360
9782072949937
9782709674805
9782363608093
9782017866527
9782330168025
9782265144279
9782379323447
9782756035734
9782408039936
9782365693059
9782383230342
9782355848322
9781474976992
9782215174851
9782253178101
9782742462933
9782075130820
9782878331851
9782213681146
9782746510494
9782816195811
9791033921028
9782070146932
9782379322112
9782070591015
9782215053569
9782745937872
9782211051743
9782226493620
9782092519295
9782211215381
9782848653129
9782843449703
9782215180432
9782742449835
9782266283021
9782378800543
9782843449093
9782072921414
9791023521641
9782810425495
9791034764570
9780714861784
9782733855348
9782226487841
9782816195934
9782278050932
9782226319319
9782370832863
9782258208216
9782211317535
9782226498700
9782385292102
9782266220354
9782843449604
9782080689382
9782368129548
9782226462015
9782360983049
9782501120531
9782360982912
9782808211772
9782709676328
9782370832344
9782021525113
9782809824421
9791037512482
9782408032999
9782211086394
9782408008208
9782808215565
9782226441690
9782258191884
9782702153475
9782072906480
9782072983962
9782283039007
9782844559227
9782234097711
9782226470072
9782260057307
9782278061495
9791091081337
9791039560092
9782377317318
9782021052817
9782073026163
9782362900488
9782501141468
9782501135368
9782212569384
9782130420453
9782130368625
9782708131118
9782130422464
9782283035887
9782226447562
9782226468901
9782810010622
9782764026625
9791092011869
9782823609851
9782080294777
9782226463357
9791028113230
9782226449658
9782226453426
9782226472052
9782354520274
9791028118402
9791028122706
9782354520397
9782226455710
9782226461605
9782226473103
9782021553550
9782021472196
9782021242676
9782021334098
9782021499384
9782021360493
9782021503463
9782021079708
9782021475623
9782021025071
9782021380026
9782021440669
9782021027686
9782021029482
9782021591392
9782021528626
9782021547825
9782021530483
9782021529111
9782021581591
9782021371338
9782021401523
9782021471120
9782021109849
9782021497885
9782021455762
9782080145819
9782732480237
9782036053601
9782075095235
9782701146010
9782368087114
9782260056737
9782702189030
9782221252031
9782072805387
9782959564369
9782260029441
9782075136785
9782377354344
9782742767625
9782745981578
9782848014531
9782075195553
9782226504395
9782072858604
9782715266704
9791035301439
9782354887698
9782889084333
9782246813804
9782211305839
9782211228299
9782211309226
9782211338462
9791040122043
9782215063414
9782382926635
9782501122696
9782100819669
9782246699217
9782743667917
9781405490382
9782363605825
9782371570504
9782740419144
9782380823530
9782253082507
9782700253016
9782371570603
9782745997470
9782017023425
9782408012304
9782226402073
9782017348214
9782211345613
9782211202824
9782352894278
9782745926470
9782745977144
9782702188620
9782408008543
9782745939449
9782408030049
9782363606297
9782226475732
9782742467761
9782373492033
9782745926463
9782408030902
9782745992543
9782211313384
9782226471475
9782211349024
9782714498854
9782846666954
9782352046783
9791035209285
9782073130242
9782848056012
9782226499523
9782732494074
9782383992356
5060760888183
9782266258524
9782714459152
5390102521226
9782211235952
5060264375325
5056635616951
9782253033943
9782810214228
9782221157862
9782501171878
9782330216375
9782378880460
9782234095830
9782234092334
9782745962492
9782701191843
3760156484389
9782073054975
9782746507296
9782092531013
9782732488097
5060528030076
9782080480477
9782092565100
8718591187933
9782747032308
9782408020354
9782330083991
9791033909859
5056208803252
3760156485799
9782213720562
9782823619676
9782842380885
9782020983327
9782226503848
9782842380878
9791039520553
9782081390331
9782877678438
9782408039158
9782354137755
9782842639075
9782268105857
9782226489593
9782702161678
9782226443458
9782848688145
9782812918599
9782702144343
9782848687742
9782072798399
9782260056300
9782709674300
9782081348219
9782700281439
9782081420823
9782363604088
9782268064581
9791026900689
9782702155806
9782226400390
9782702144008
9782848865690
9782260029205
9782073100412
9782075079822
9782258133211
9782226325761
9782846664110
9782226179807
9782350870724
9782749950648
3760156484433
9782824638874
9782803464999
9782290020203
9782745956958
9782092551721
9782351813799
9782355582394
9782092551677
9782211238472
9782221157695
9782702141762
9782070119424
9782745934031
9791093860312
9782226400352
9782819505631
9782710326380
9782226435385
9782021119138
9782258109919
9782747032940
9782848688183
9782841146918
9782246814863
9782081246010
9782733877395
9782745995841
9782508059810
9782709666817
9782732430966
9782738133922
9782073106261
9782816193091
9782070651818
9782842380892
9782017013501
9791036375293
9782330014414
9782080159373
9782260030072
9782253116042
9782262064327
9782757870297
9782211343817
9782017138075
9782386010460
9782352215042
9782360620197
3700664527475
9782352410553
9782246829577
9782709672719
9782080432605
9782408049591
9782035952653
9782377317257
9782382461433
9782080253569
9782383224761
9782017222231
9782073120953
9782749929019
9782234096011
9782702184059
9782385772345
9782226435736
9782702448854
9782816193237
9782021554557
9782021425451
9782344050835
9782246837909
9782226445797
9791040125631
9782355048128
9782226489722
9782246840152
9782362313233
9782749960746
9782408024307
9782382990759
9782344070048
9782351913413
9782824622095
9782267043501
9782755675900
9782246863786
9782844924643
9782021508420
9782211312448
9791023506181
9782211315838
9782752914026
9782351783504
9782878338997
9782013971362
9782377313723
9782844552860
9791034396351
9782226491503
9782846794671
9782317021756
9782816192827
9782253099895
9782246800286
9782246824473
9782501125321
9782021304510
9782707348197
9782731683004
9782908209556
9782344016374
9782383110293
9782381229751
9782385701659
9782889730476
9782840065166
9782092557723
9782035889904
9782265158146
9782844554536
9782244425955
9782226446718
9782709668712
9782070415731
9782709672580
9782226250858
9782369021797
9782259306027
9782378800789
9782211214063
9782095022396
9782226460332
9782843792137
9782740410837
9782267016345
9782378881849
9782714478528
9782376862819
9782894355053
9782203302303
9782017147466
9782211313223
9782408031602
9791035207243
9782070635054
9782385294960
9782092537237
9782092530993
9782732493909
9782075164801
9791022615075
9782733847831
9782246845348
9782021589467
9782355842009
9782757826164
9782095058548
9782246861423
9782226504340
9782017151319
9782211324236
9782215201564
9791035208523
9782733883235
9791095718772
9782747058414
9782752915283
9782810441556
9782749181943
9782702180877
9782747044004
9782918857075
9782355846731
9782070417681
9782747044035
9782370833655
9782363083807
9782749140858
9782258191815
9782080413277
9782070320004
9782732493251
9782211317511
9782258200326
9782075134989
9782226445421
9782378624828
9782368086865
9782374081991
9782822245753
9782211237260
9782714495099
9782374488943
9782378623975
9782211306089
9782877676885
9782073121295
9782211231527
9782244412412
9782075176460
9782383110422
9782743661748
9782226507389
9782743669171
9782211040907
9782368901205
9782816012484
9782745937124
9782215164753
9782330217556
9782266270021
9782841135158
9782710368311
9782073152930
9782330216146
3770000655889
9782749956336
9782080484444
9782073132543
9782817700540
9782361937119
9782357200678
9782258213654
9782263053177
9782253107880
9782709671415
9782021343151
9782226442345
9782330066499
9782080510655
9782211342469
9782702163290
9782374486901
9782266282437
9782266115001
9782070321322
9782211239783
9782366581744
9782702163221
9782889730742
9782709666947
9782889442461
9782211302562
9782017151425
9782080476418
9782070368082
9782213731124
9782356740441
9782215158288
9782370834287
9782383490234
9782021561012
9782073129963
9782283038550
9782733835142
9782253083009
9782709663335
9782844268846
9782017172437
9782745936264
9782378804565
9782714403032
9782408018696
9782702160442
9782374084572
9782898152481
9782383220336
9782818064023
9782253095248
9782070557462
9782368087640
9782290115015
9782021574524
9782212571929
9782383611202
9782035957214
9782246144533
9782374080550
9782807702493
9791092400120
9782492928154
9782360980741
9782036062894
9782221192092
9782714499585
9782080490582
9782493290748
9782714478436
9782714459558
9782253248347
9782749928166
9782226319494
9791092304886
9782732036847
9782385295363
9782080497260
9782092789445
9782709672078
9782226465733
9782368129524
9782709663960
9782226259950
9782889730001
9782226452276
9791036315534
9782070616107
9782278133000
9782211308243
9782377424405
9782378803759
9782877679671
9782344045305
9782844558039
9782844556837
9782317031229
9782211315722
9782075170109
9782211095020
9782709661584
9791032924563
9782824626437
9791034910359
9782702190753
9782877679244
9782072721328
9782742777044
9782330140830
9782378804978
9782317025983
5051889689584
9782234088351
9782211238427
9782733843161
9780061929373
9782702442456
9782702451090
9782413091134
9782385610296
9782889840656
9782385294885
9782203241916
9782205211245
9782957933433
9782352634904
9782494629882
3760328371721
9782812623400
9782374082134
9782895408581
9782603031643
9782702190555
9791040123194
9782378805524
9791026403364
9782234097261
9782266143257
9782211336789
9782265157903
9782368129531
9782714405043
9782745974884
9782092551851
9782021398021
9782809801040
9782021622423
9782364689572
9782266192828
9782374483368
9782408024963
9782408014063
9791023516982
9782226501240
9782878331875
9782383210054
9782330133856
9782746662186
9782072858550
9782359904123
9782035936004
9782244410418
9782073024916
9782253262206
3660485500432
9782221285435
9782737384950
9782845639850
9782253030584
9782745976161
9782732492810
9782215137917
9782330170257
9782035935991
9782383223146
5060690795421
5056607400007
9782844929549
9781803701523
9782366537079
9782732433745
9782017866534
9782847425253
9791034770380
5016488131667
9782412063163
9782822239912
3700664529875
9782408014483
9791027104697
9791039562898
9782808503273
9782408016616
9782330153861
9782742795161
9782073009470
9782080468253
9782375023068
9782211221085
8720256139720
9782246816300
9782092592632
9782080493712
9782488201100
9782710370192
9791040804666
9791028504793
9782265159068
9782749961118
9782203101944
9782384532599
9782203123281
9782709675680
9783314211775
9782019457853
9782080472304
9782226482723
9782490102518
9782211332620
9782211010092
9791039562942
9782330133191
9782383223788
9782211321822
9782211085922
9782211066655
9782073032263
9782072907210
9782221246160
9782073121493
9782370834195
3701432021058
9782072767548
9782846665001
9782408023324
9782072841842
9782901096962
9782374086279
9791023515381
9782073100191
9782383991946
9782381223674
9782375783016
9782808213073
9782207142813
9782357208704
9782234074804
9782080441706
9782715263352
9782368127261
9782955834107
9782361936228
9782384822492
9791023515657
9782369810414
9782877678797
9782244427492
9791027611805
9782702184004
9782330196486
9782707345592
4260470080087
9782714478689
9782810213658
9782012905511
9782215158271
9782379891465
9782494705005
9782205200980
9782268100623
9782283029763
9782234097872
9782925416173
9782330159856
9782812625732
9782700278354
9782877679374
9782211307017
9782080288479
9782386630224
9782846669702
5056208807472
5056635614551
9782012920026
9782382990087
5061078710401
9782212564471
9782809715989
9791034910250
9782080419903
9782012920101
5060146467810
9782369020660
9782386433597
9782012920095
9782877678872
3127020504787
9782360800834
9782745984470
9782012920033
9782370832771
9782745958525
9782226465269
9782416022579
9782075110969
9782330170967
9782745947888
9782259263504
9782743611705
9782226494276
9782742762002
9782732489230
9782330203351
9782408017378
9782702188958
9782265156159
9782746507302
9782344014196
9791037114648
9782842314804
9782080147158
9782492596339
9782812204357
9782368085868
9782841811168
9782080469144
9782226507129
9782894355046
9782344012598
9782258211063
9782070373581
9782267058376
9791040116974
9782702189047
9782017889854
9782317026843
9782070461448
9782709672740
9782413024330
9782840118701
9782330109646
9782246828150
9782358872713
9782072987885
9782749955285
3545020095232
9782012919884
9782211235013
9782221279083
9782378801991
9791026903802
9791026901341
9791026906018
9782080253637
9782846667838
9782408013790
9782258206946
9782383992660
9782755697292
9782265155442
9782075166393
9782884808408
9782211208048
9782253088172
9782384924080
9782075194228
9782330144401
9782070143979
9782080283207
9782226491329
9782072797033
9782221269282
9782035834584
9782205083910
9791040114222
9782205089851
9782080420503
9782258135017
9782894354513
9782840119029
9782707356741
9782226249432
9791023512755
9782714404138
9782732477527
9782283039304
9782840573579
9782702185179
9782848685168
9782226464781
9782081413146
9782330200787
9782816192582
9782709674539
9782211341394
9782749961019
9782355045943
9782381673974
9782408013813
9782378880040
9782743629410
9782352631576
9782075138161
9791037515704
9782709660822
5060528031226
9782070325696
9782021035285
9782021603439
9782234091368
9782226188519
9782877067812
9782753020436
9782757892831
9782072836473
9782745905994
9782874263712
9782290233351
9782759225125
9782211076357
9782501184595
9782266278256
9782075233729
9782259277617
9782810429004
9782344070178
9782070624027
9782211312783
9782841811595
9782211324922
9782877676328
9782080422415
9782864973362
9782700273885
9782020363761
9782265117785
9782330216764
9782211342230
9782211319379
9782745945297
9782757859780
9782365901369
9782846666930
9782211342520
9782745940902
9791027607860
9782844553010
9782244300382
9782278064762
9782848014104
9782016281970
9782226451149
9782211239882
9782211338066
9782211331418
9782020892704
9782020892681
9782377314034
9782070623624
9782211336840
9782321006336
9782377319954
9782330135508
9782278120086
9782226393227
9782383821434
9782070635047
9782070657445
9782278054534
9782373058482
9782742463824
9782211213424
9782092594681
9782352895176
9782246826514
9782211232500
9782733878453
9782203296510
9782080450708
9782378883362
9782369021186
9782355041822
9782324030017
9782918857013
9782925347477
9782211308113
5051889647591
9791040808237
9782021602944
9782203247895
9782017371007
9782385071202
9782494797567
9782226507105
9782702163634
9782702193259
9782352413776
9782226466709
9782749956664
9791040124320
9782265155565
9782221274590
9782709630504
9782843373633
9782752914743
9791038702288
9782350879437
9782709637886
9782221267660
9791033918028
9782374481258
9782259323710
9782816195835
9782073114471
9782246831969
9782745984371
9782211095709
9782877675772
9782871427162
9788000069852
9782215173045
9782879013961
9782745907776
9782386140631
9782848651002
9791037507112
9782226500373
9782226459046
9782365698573
9782344026700
9782383020097
9782365694827
9782710389668
9782818976845
9791028522216
9782372731171
9791035207571
9782265157880
9782330200350
9782226487186
9782213720555
9782226488497
9782234099449
9782374484778
9782749949512
9782351783054
9782080251480
9782213721040
9782742792917
9782258210608
9791032925430
9782749183718
9782493412072
9782080258199
9782702168974
9782702192986
9782226440952
9782278121373
9782072879388
9782749955278
9782343206318
9782381674926
9782818042960
9782283037393
9782756421735
9782365901536
9782378882921
9782844928634
9782382990407
9782818035764
9782385210038
9782493816023
9782265143999
9782259311175
9782021618815
9791032916759
9782749176024
9782844925756
9782130497981
9791040120636
9782844928054
9782379321177
9782844926937
9782253099994
9782369813675
9782226397935
9782073121547
9782100819430
9782363603647
9782408060428
9782017181132
9782244403717
9782369021360
9791023510218
9782709674263
9782226503503
9782017280002
9782017348276
9791032408162
9782378562793
9782710376569
9782226498731
9782370833211
9782244403618
9782732469874
9782810202782
9791040808343
9782226190901
9782035992376
9782882583826
9791032310755
9782814104860
9782092525487
9782745930996
9782408024536
9782379323287
9782072784873
9782487819115
9782268112091
9782072930119
9782092587966
9782747036856
9791036370649
9782226475756
9782702189054
9782218977848
9782246808718
9782380462029
9782358877749
9782234090491
9782092582008
9782215137573
9782075188722
9782359902433
9782081433144
9782700276459
9782234095915
9791070060438
9782221240779
9782215169352
9782092593301
9782012920545
9782067213548
9782378880682
9782253238027
9782017866596
9782092577240
9782226399199
9782070644391
9791040805915
9782816194760
9782745933959
9782702194423
9782278097852
9782253101260
9791095438403
9782876774001
9782262070380
9782100762033
9782807702752
9782702822081
9782738133120
9782408039141
9782800100074
9782075172103
9782265086043
9782075105538
9782401077638
9782981373021
9791034904600
9782258213425
5061005352513
9782047400623
9791036305795
9781474962261
9782700042764
9782374931722
9782111382305
9782215172857
9791090724471
9782408030575
9791036318405
9782070627509
9782203250840
9782211219662
9782378882662
9782344043097
9782371650640
9782075160797
9782707329837
9782702162897
9782215159254
9782258197909
9782080429957
9782952479264
9782203216532
9782415004217
9782378882259
9782080438706
9782215173649
9782381226729
9782373494693
9782070623709
9782266343206
9782221282212
9782408013851
9782226252029
9782864243458
9782072999994
9782732440712
9791040117230
9782067244986
9782732497037
9782092553350
9782070638260
9782487749535
9791040123989
9782749952376
3770000655940
9782072878497
9782080436542
9782070146376
9782283032800
9782072767746
9782226481481
9782818046005
9782021465877
9782070756902
9791032915165
9782266168526
9782848931319
9782844928115
9782844926906
9782234095519
9782817705941
9782070403073
9782072945847
9782213717647
9782743660475
9791023506587
9782408034122
9791033919957
9791033914532
9791033919766
9791033921967
9791033912385
9791033906865
9791033925798
9782357208469
9782265099272
9782253262848
9782378286675
9782823619515
9782817708560
9782073034953
9782073079879
9782072951770
9782070704248
9782080253163
9782081518445
9782073082619
9782072979309
9782258077942
9782258051805
9782072966491
9782072829529
9782258097025
9782073032478
9782072943645
9782080702890
9782072998539
9782072995316
9782072990878
9782258088696
9782072727320
9782081489844
9782258080058
9782081469976
9782073010926
9782073033932
9782258062658
9782072787973
9782073027351
9782073053114
9782072957468
9782072870774
9782073029379
9782258079212
9782081296145
9782070701766
9782072943829
9782072988585
9782070178711
9782070140725
9782258201859
9782070178919
9782072867736
9782072996016
9782070142378
9782072997228
9782072903861
9782073064301
9782081518414
9782070733057
9782072976193
9782072781643
9782072734670
9782073060686
9782073047779
9782080276896
9782072938559
9782258195011
9782072998584
9782073006691
9782072873133
9782070141005
9782072958588
9782072929311
9782073060587
9782072730283
9782072728846
9782258055278
9782072765728
9782073074621
9782072980039
9782073101976
9782072982071
9782073063298
9782072701696
9782070763498
9782258202085
9782072943980
9782073083388
9782072999901
9782258151918
9782073075406
9782072982651
9782081386273
9782258073920
9782070462551
9782073103482
9782072958632
9782073107305
9782070764778
9782070349609
9782070131358
9782072968600
9782072851391
9782070138739
9782073083333
9782072985614
9782073033987
9782072754043
9782072787720
9782081412149
9782073100252
9782081285781
9782072909207
9782072974830
9782072857294
9782072870873
9782081347847
9782070130818
9782070142675
9782072990755
9782072933493
9782073006998
9782070134755
9782258072176
9782070762156
9782072960734
9782258194991
9782072728792
9782073010414
9782330140946
9791021049499
9791033903383
9782253258131
9782382991183
9782382991190
9782374084657
9782889538072
9782844558008
9782377312993
9782203192393
9782081457867
9782412073629
9782226474971
9782756429809
9782385291785
9782213706023
9782226319500
9782221135730
9791033917038
9782260056843
9782823601992
9782757864838
9782226238603
9782743665531
9782212673630
9782370731623
9782374486796
9782408016937
9782383231165
9782732470184
9782266207683
9782732496931
9782092549391
9782714481375
9782017073703
9782355046681
9782702913321
9782344034668
9782075211185
9782244428710
9782408039882
9782262050337
9782290133323
9782330154387
9782264069122
9782262026622
9782290236161
9782264068286
9782264058843
9782264065018
9782021338041
9782413086857
9782366246940
9782264023803
9782264051158
9782262034986
9782877677622
9782262076474
9782290152072
9782378882099
9782378882426
9782021401561
9782262030711
9782264048301
9782264064202
9782290377796
9782378882969
9782378881191
9782840555148
9782262031077
9782021544350
9782264049063
9782262037420
9782366249156
9782264067975
9782413049692
9782262025038
9782745992536
9782234094512
9782213720548
9782383230366
9782370830340
9782344047514
9791037114693
9782369022091
9782749960081
9782021027839
9782877675208
9782211307215
9782075134415
9782374081076
3388337127063
9782205073621
9782092587485
9782265159075
9782749938646
9782803622429
9782100777785
9782374080505
9782211080293
9782487568013
9782408007638
9782745961778
9782745961815
9782408018405
9782745992215
9782745961822
9782745959102
9782745980946
9782702138274
9782408014605
9782073088260
9782211041997
9782745941800
9782095013899
9782221276075
9782846669030
9782072843136
9782226457370
9782809847642
9782330216139
9782330124328
9782818014059
9782258205437
9782374484853
9791037114884
9782226258205
9782221271391
9791040804222
9782707323859
9782823600117
9782226436733
9782350875439
9782702181829
9782226445810
9782081473324
9782841113194
9782080675347
9782379321450
9782840116523
9782234088344
9782812940927
9782378910235
9782752915108
9782073115362
9782072952227
9782226504555
9782363605795
9791038702769
9782702822197
9782846666312
9782226490179
9791023515251
9782246820543
9782824629094
9782234094772
9782714475398
9782707346315
9782330173852
9782743669195
9782745912664
9791040805441
9782226489784
9782369020844
9782810202874
9782092494486
9782711201419
9782352045502
9791037504555
9782711201396
9791037509628
9791037504531
9791037503565
9782847898705
9782330194499
9782330200732
9782330155650
9782330159924
9782330057923
9782330185381
9782330135492
9782330216566
9782742794782
9782330201579
9782330005214
9782330135737
9782330184049
9782330184056
9782330113766
9782330186166
9782330114305
9782330177409
9782330155681
9782330208806
9782330119027
9782330215866
9782330206796
9782330028213
9782742786480
9782330215903
9782330068974
9782330148607
9782330104030
9782330200688
9782330002299
9782330014087
9782330125882
9782378883287
9782812911361
9782075228732
9782290161791
9782749929026
9782378882242
9782226503572
9782226499790
5053083254094
9791040808008
9782700277289
9782226488589
9782702185872
9782221243619
9782354520793
9782746703650
9782846669511
9782823623642
9782361397029
9782384923724
9782702180082
9782716318518
9782384360796
9782383992134
9782374485980
9782234092938
9782809717402
9782889574452
9782408018740
9782809851922
9782221125687
9782221122792
9782226478115
9782809841909
9782809848397
9782385292492
9791040125426
9782226493682
9782260055808
9782840118602
9782330220150
9782246831662
9782487663053
9782075228749
9782749941646
9782266331807
9782382848753
9782749950631
9782494797116
9782877678049
9782355047503
9782831101460
9782501113168
9782882585202
9782211329439
9782408018719
9782330024390
9782075159258
9782810202683
9782366246292
9782211090513
9782278085491
9782723499774
9782211307598
9782253182719
9782353900053
9782505081500
9782211314282
9782211203166
9782092558874
9782203173064
9782211311113
9782266311052
9782251447667
9782748527049
9782352893790
9782095043742
9782070616251
9782092534588
9782324034756
9782809715552
9782330196721
9782260057406
9782386433542
9782221263143
9782352632870
9782957712809
9782745992475
9782344036457
9782917689936
9782408023843
9782075175043
9782215169192
9782378011659
9782702166352
9782226401854
9782234097902
9782265116672
9782366241464
3453270026404
9782709674546
9782745992444
9782381961774
9782808210041
9782889075478
9780746082720
9782017167204
9782234097209
9782408018962
9782344038499
9782713021091
9791023509700
9782383222095
9782817710266
9782731677737
9782330215477
9782072847134
9791030801552
9782702165485
9782330016326
9782330188757
9782081378605
9782073029164
9782234093966
9782742760183
9782378804350
9782246860785
9782226478948
9782804724573
9782330001339
9782823620887
9782205208153
9782070765843
9782067181144
9782017890096
9782416024542
9782234087514
9782714474773
9782363600929
9782283025628
9791037514103
9782207166277
9782265159518
9782379460043
9782081408654
9782226459015
9782351781685
9782749949277
9782234085800
9782073001764
9782072792885
9782234083134
9782070408702
9782381227214
9782226439444
9782374489216
9782221099957
9782374484976
9782265157798
9782070137978
9782258201781
9782234084414
9782072912238
9782234091443
9782841238651
9782081492967
9782080423719
9782350877624
9782226495945
9782211213738
9782747023047
9782092570913
9782733812884
9782211208383
9782363607232
9782253101567
9782080231987
9782818058268
9782490138975
9782253082453
9782330019761
9782070392476
9782070363360
9782844928610
9782226483546
9782898152283
9782211081511
9782211060776
9782871425014
9782745998347
9782330164058
9782246820703
9782384862856
9782803465002
9782265117808
9782324038099
9782408059163
9782211349949
9782702194393
9782234099210
9782709676250
9782268112985
9782709674577
9782355848391
9782226452511
9782226510112
9791032932025
9782330218348
9782707317988
9782370833105
9782070358038
9782710381419
9782035867902
9782070418480
9782070363759
9782021433197
9782253063193
9782371650107
9782374082288
9791095184539
9782330208813
9782021288049
9782379323089
9782352895541
9782290157732
9782715267558
9782709668620
9782266324892
9782745944085
9782740433331
9782707357205
9782283040423
9782749133515
9782226480866
9782211313568
9782211301251
9782081442429
9791022615051
9782072913068
9782213709840
9782260019152
9782072952173
9782259312646
9782702187548
9782226464798
9782226501875
9782080484451
9782368128039
9782702161784
9782226438232
9782080412706
9782745968777
9782246841548
9782226504388
9782246143123
9782017224938
9791036310355
9791036332845
9791036316425
9782035869951
9782745967596
3607483240243
9782266203906
9782756510385
9782203141384
9782491467845
9782330167516
9782747099424
9791026904816
9782266280648
9782226475442
9782080415806
9782368126028
9782714497437
9782070144228
9782213734118
9782290258064
9782363606600
9782073060631
9791040116912
9782278122776
9782386432330
9782488853002
9782749963860
9782330215880
9782809848731
9782221146354
9782714403889
9782863749012
9782226248282
9782226478955
9782072688720
9782234078925
9782265114579
9782354520373
9782221249406
9782298147346
9791033914907
9782702183687
9782714495105
9782383231226
9782822902700
9782226479938
9782260053170
9791038700284
9782844922717
9782226249838
9782258113084
9782383992554
9782268112107
9791032936863
9791022613637
9782700280203
9782386010279
9782848684154
9791037513182
9782298152487
9782702193266
9782330200190
9782714495662
9782917045510
9782226458988
9782844927668
9782262037406
9782350680880
9782846664493
9782330181420
9782215192022
9782070775446
9782709666350
9782080149671
9782361937515
9782012903821
9782080160713
9782812923791
9782221112281
9782377316588
9782749124902
9791033926849
9782226403179
9782258081642
9782370830135
9782840707622
9782809845389
9782357209824
9782812940750
9782226474254
9782081486669
9782811239923
9782226474261
9782021488616
9782073080028
9782017124238
9782075150408
9782747098588
9782487858459
9791037510914
9782226449542
9782221243602
9782213734279
9782729619756
9782877674447
9782352415275
9782234096479
9782350878027
9782221192658
9782221254370
9782017151364
9782081511385
9782253110958
9782021526912
9782092592656
9782348054877
9782355046278
9782501137829
9782070640225
9782408046286
9782203215733
9782878583403
9782711200993
9782278125449
9782363607355
9782354137854
9782211230582
9782379323164
9782226499035
9782067254695
9782073145413
9782221273609
9782246842248
9782080441775
9782408004699
9782258203471
9782702163498
9782385295080
9782702183694
9782416008382
9782226470096
9782070373529
9782330173555
9782363605832
9782889831845
9782226461490
9782823622188
9782234085060
9782258214460
9782740422229
9782378802998
9782226468963
9782330060695
9782226437549
9782702165508
9782070599554
9791032937464
9782021473018
9782733910160
9782351814031
9782226496300
9782330153687
9782340021969
9782021011968
9782742777709
9782358770224
9782036012493
9782073037374
9782073068903
9782073021069
9782702451052
9782702451144
9782702435090
9782072865909
9782749141381
9782072985522
9782073068606
9782020820790
9782073020741
9782021114126
9782070138814
9782072927010
9782073018694
9782073062062
9782702451274
9782072875816
9782072896163
9782749118574
9782072942525
9782072973406
9782021079920
9782878585926
9782072906039
9782749105284
9782878582420
9782072695056
9782702434024
9782070786428
9782020789424
9782021174496
9782862749532
9782070348992
9782070125180
9782073105004
9782070130764
9782070140992
9782072982897
9782072896118
9782072804175
9782073028600
9782021005509
9782072946967
9782021030174
9782070315871
9782070136452
9782070143528
9782070128327
9782072954207
9782070494750
9782072946912
9782070406968
9782413082743
9782413040088
9782017889816
9782378881603
9782889369874
9782752912190
9782809823011
9782080286147
9782707345783
9782075140225
9782258196070
9782258210868
9782749182889
9782226441591
9782709659567
9782213704951
9782816170085
9782073048370
9782290008614
9782277237020
9782290301869
9782277211211
9782290078648
9782290014240
9782290303054
9782277211785
9782277239673
9782290008072
9782277117582
9782290015339
9782371650664
9782211084833
9782889572618
9782073085153
9782330139223
9782211304399
9782378882839
9782372731119
9782080511072
9782809717365
9782246861911
9782017224976
9782745967848
9782070583829
9782246843139
9782745948045
9782268112992
9782072901294
9782070666317
9791037505927
9782877678131
9782073048820
9782370736048
9782841136407
9782226473196
9782213710303
9782211344180
9782714480866
9782211308120
9782234071117
9782842180041
9782021583106
9782073119223
9782226490001
9782021585612
9791032927274
9782747088626
9782073089755
9782749182995
9782021322989
9782211223027
9782035992222
9782701135328
9782701132969
9782073081407
9782226312471
9782383992073
9782265159228
3760010552971
9791032935446
3545020089279
9791036344244
9782707355928
9782737388552
9782017140139
9782070653133
9782840708681
9782213633787
9782226495068
9782412033913
9782848656762
9782378881108
9782080473462
9782381227658
9782203237148
9782226472519
9791033922711
9782863744819
9782749950884
9782070646128
9782351781869
9782258134980
9782714494375
9782070196678
9782215186434
9782330219932
9782080233387
9782488557108
9782203101173
9782844557438
9782080267382
9782709660594
9782278100002
9782203037618
9782080236203
9782733842270
9782871423355
9791036364860
9782368291580
9782324038945
9782080298027
9782080437242
9782072992025
9782211021234
9782363608123
9782354137861
9782266315470
9782816184129
9782824605395
9782213701394
9791035311339
9782702166345
9782385070281
9782807701168
9782385531041
9782226459008
9782330096649
9782844558800
9782278125357
9782073113252
9782714493231
9782846668118
9782709675635
9782817712765
9782070447985
9782290128992
9782864243878
9791022611701
9782714493132
9782226459022
9782226508096
9782265144095
9782378805012
9782073101228
9782374484068
9782330118051
9782226461537
9782702166369
9782234092266
9782330203597
9782036024878
9782211318006
9782382843710
9782266265119
9782266151184
9791028503833
9782379322655
9782709668385
9782715254442
9782258208889
9782702182710
9782253060543
9782265159686
9782258204737
9782746953352
9782737370427
9782733898567
9782013911764
9782844557452
9782260057352
9791036342431
9782246843214
9782408034092
9782378012786
9782021450354
9782267046915
9782213720579
9782849906798
9782344034156
9782244425870
9782749177144
9782368125434
9782378805715
9782260054535
9782258211414
9782370832559
9782379322891
9791026904625
9782211319362
9782211214131
9782385290047
9782370833006
9782211340410
9782368563090
9782370832740
9782226491244
9782211317559
9782080298591
9782375610329
9782755640502
9782351782859
9782265158931
9782368128374
9782702158715
9782234081178
9782351783559
9782211218207
9782211070270
9782203126183
9782378883058
9782226403698
9782213727431
9782364687394
9782221277188
9782081471863
9782363601476
9782353030316
9782226489371
9782365698597
9782416010507
9782221268094
9782226493217
9782384820313
9782258137653
9782383222224
9782072887994
3760156483122
9782226445483
5016488132190
5016488136556
5060760880514
9782080509215
9782017087199
9782385771201
9791037504548
9782072961076
9782298148381
9782709669535
9782807701830
9782017193470
9782809828283
9782709668644
9782075104814
9782749959399
9782290156063
9782385531683
9782246821250
9782092591284
9782246834175
9782383991106
9782226481160
9782290343715
9782080264503
9782226461285
9782221240458
9782226502834
9782714403612
9782841357260
9782816195569
9782073035059
9782226490155
9791037502117
9782383992103
9782361937065
9782378803544
9782408006556
9782812623691
9782372731430
9782363391223
9782215158226
9782211315524
9782012234574
9782365698078
9782848767123
9782732474540
9782702192979
9782226504791
9791036339073
9782017123101
9782017122920
9782221277607
9782749162591
9782017193258
9782095015374
9782408044688
9782047359563
9782383220374
9782745956965
9782501130301
9782021483468
9782203142497
9782330160258
9782211315654
9782070140107
9782226491367
9782207184431
9782709659673
9782816195316
9782501179133
9782385771188
9782702165546
9782213717081
9782211350983
9782234097001
9782702183533
9782733815977
9782806312815
9782368292150
9782709656047
9782368292068
9782917289464
9782745929433
9782823620795
9782702144039
9782374083551
9782702194331
9782075148948
9782745936271
9782702156933
9782073077837
9782080427656
9782355582035
9782355743061
9782745976611
9782080468888
9782211305532
9782378803001
9782283035443
9782278131105
9782330138196
9782733858981
9782732484969
9782073044174
9782740415894
9782265155671
9791036353543
9782278130740
9782330181338
9791021059184
9782413019862
9782265156388
9782889570379
9782226438997
9782226465566
9782073090270
9782092566497
9782211238045
9782383991335
9782379323218
9782745995735
9782408050832
9782260056652
9782211321099
9782221264225
9782258208407
9782840119258
9782846949729
9782383992691
9782702192726
9782265114586
9782253100799
9782745995759
9782092565162
9782408040086
9782745968616
9782360983735
9782330211882
9782494797178
9782080258182
9791026900313
9782370833594
9782017124290
9782081391284
9782266255479
9782226472731
9782260056782
9782035974563
9782080282804
9782278128471
9782258210035
9782745926852
9782278089307
9782378880132
9782021602302
9782226486356
9782290418567
9782378805043
9782752912619
9782848659008
9782702180884
9782408049737
9782080478238
9782379321085
9782246846109
9782709675222
9782378803827
9782080511256
9782075122061
9782265159204
9782863745205
9782743640781
9782073152985
9782019103828
5026328601212
9782412094839
9791023518344
9782204170451
9782259324519
9782073130112
9782258207660
9782412107270
9782415015091
9791028536817
9791021066700
9782376711643
9782378288662
9782036086760
9791032925683
3760328372704
9782012309746
9782226506603
9782385295462
9782809853711
9782080146045
9782384929306
9782215115700
9782215116219
9782487606265
9782226506504
5016488141659
9782487663329